X,Y,slope,rainfall,IsLandslide
294655.5612,217780.137800001,66.06023514057395,101.26124807661992,1
283597.691299997,199444.660399999,59.03197892850461,109.50611424702143,1
275138.453299999,197994.27,57.046697751819146,111.60467293871815,1
277000.372000001,196806.5075,22.391039226192774,117.4880418130313,1
278342.997299999,199955.242400002,44.72610449605773,110.21414795153467,1
277183.502700001,197102.916200001,43.884305331389164,116.06289365675912,1
274690.545400001,198180.661899999,36.38966871477508,110.3968524382813,1
274831.793200001,198221.0341,44.89853187673954,110.29731411974538,1
275046.8957,198294.076299999,31.485934387304184,110.10643612922209,1
274221.723800004,197117.8497,7.045807828333839,114.85536646198483,1
274868.799699999,197675.362300001,8.449168867088128,112.94130154862721,1
318626.112300001,202637.203299999,72.6931183115168,124.26966702514167,1
297772.001599997,209321.451299999,71.59507851632105,93.68703012701837,1
298048.144599997,209361.830200002,68.02142038815188,93.77434956813826,1
270057.140600003,213245.291499998,60.7726347503039,90.05033206794482,1
275505.967399999,198476.9595,30.53533659273757,109.55727526976702,1
275525.265299998,198595.692899998,36.60203595952631,108.53947740288766,1
275999.318599999,198842.986699998,9.64062311956817,107.6579893693918,1
275804.451700002,199055.473499998,12.509135713155962,105.52852407693484,1
276250.692299999,198746.306899998,38.39588856543573,108.84517376148992,1
277152.242899999,199524.0174,33.848442965400494,109.40586395859114,1
277205.434,199403.2698,34.194809290246596,109.75743899376539,1
277421.681199998,199466.888900001,35.05308108216437,110.02990185505493,1
277504.395499997,198507.358399998,4.71038584785991,111.1607861473037,1
276980.117799997,197071.907299999,38.65752506131839,116.44898511477814,1
281491.271399997,197112.289299998,30.957966374502863,117.05124275930682,1
276901.8125,196945.916299999,33.08058807861672,116.93800125007147,1
276855.431199998,196661.553599998,15.44917466693918,118.07078113837674,1
276805.7016,196537.282499999,5.263412295866047,118.60416841572574,1
278446.238899998,199731.306899998,54.63988873600143,110.88318224268198,1
277894.7311,198842.319200002,40.89759507979257,111.54774218231073,1
278149.0612,198712.058600001,35.19182233607663,112.21782568127864,1
274117.452100001,197217.316799998,23.65094353072234,114.45546663122349,1
288234.731299996,207699.099300001,19.514575033124935,86.73567300259565,1
278193.608199999,198681.555300001,34.95992355177171,112.36295929907625,1
278299.841200002,197768.7951,21.347818410180942,113.52033016292609,1
278894.340800002,196189.122000001,58.36165209817846,116.9423870851486,1
276570.263800003,196042.772799999,16.546066968346288,120.3943225727258,1
308926.512699999,214992.545600001,31.77211649700918,111.27238226681018,1
294057.405500002,219095.731699999,82.31742553550788,96.87746993886364,1
278449.765600003,195739.4397,44.77558088845352,118.82709087674766,1
279165.488399997,199821.765900001,29.975584168821833,111.474246994155,1
278242.174800001,198400.1296,79.2883472069093,112.75970833930836,1
278038.0876,197074.510200001,45.06891188079456,114.63951076715705,1
277985.642999999,196868.629000001,76.21055453886972,115.41310707633505,1
279344.117700003,202660.103700001,35.05308108216437,104.49472854105584,1
279616.674800001,202838.8233,67.3754748898718,105.02501060805137,1
281797.4507,197141.432,14.604461920589706,116.98533495535425,1
278473.948299997,197179.692299999,42.794328989341636,114.48433731804609,1
270032.854099996,213312.709600002,68.97521892588652,90.0094572444246,1
301086.2478,220467.2366,74.25501637843064,114.78294328044026,1
277082.840099998,210349.298,66.72784268239836,96.9518582168854,1
277058.548811354,210219.775711354,76.94189127176577,96.93168775964168,1
276982.017399997,210173.183499999,33.08058807861672,96.90754551609767,1
277020.884599999,210096.255199999,40.60615588470186,96.90831009889438,1
276977.151799999,209919.138999999,61.122938660163996,96.87624749467888,1
270712.609702996,195163.949986,64.58279515025632,115.44343839421259,1
277934.0942,217050.397700001,14.068707052153668,81.15222549108768,1
271895.041100003,211471.022599999,35.735200447212414,92.20487430315272,1
270060.966300003,213200.1842,19.392175950645004,90.08049791288373,1
304250.813600004,223190.075199999,80.8425681405276,123.19404765235447,1
301653.486900002,221641.320599999,18.7643416660054,116.63328820531747,1
301634.7883,221666.383699998,35.329386488580404,116.54002323349154,1
301676.953400001,221776.3895,17.419780444607163,116.42591887438209,1
288963.4943,226803.9998,87.00422319978972,81.35089297164761,1
293471.065200001,216042.260299999,77.27046039973303,99.13686439415255,1
268455.310000002,220493.6754,78.28019926967434,87.9046196956844,1
304467.740699999,231952.1668,86.41100920928132,105.04947778595243,1
289777.368199997,230247.398600001,47.05225493121849,82.41506996670401,1
286450.089000002,222595.9826,80.80179672696468,78.04789031862452,1
274477.866599999,206382.5251,89.32710754796956,96.1218784886784,1
285236.660099998,207087.397999998,67.64931376230179,90.95332366279169,1
292366.953400001,207182.714000002,62.203280296224044,83.34924381924706,1
309170.0044,211623.693799999,71.77936913312513,104.19361718516707,1
303556.827500001,210237.813000001,85.85614185495713,100.29014114090731,1
289641.093353194,210463.525667889,85.96385599009801,84.07407383886107,1
295886.432400003,208999.858100001,87.13451284058962,87.92929163216596,1
287403.624899998,223755.447500002,88.06572408646704,78.94247546366226,1
313235.048199996,200493.546500001,62.78635056709079,115.3252441604862,1
313888.132600002,200290.027899999,67.43819080027771,120.33748527409372,1
270048.679300003,213182.1083,60.661734988017876,90.10868506950436,1
269967.997299999,213194.149700001,31.7152756916121,90.18601955146528,1
314129.586978264,200111.68468841,84.04508088269561,123.10433015860738,1
293920.939599998,219107.077100001,67.2454036387521,96.5891381665331,1
293947.124600001,219200.0715,57.61885314300221,95.97195525117257,1
279621.443099998,195648.800700001,45.91434972121261,119.240676540739,1
293288.683200002,215520.274099998,82.33471636105531,98.10972492554737,1
269985.797300003,213082.235800002,83.1321738175336,90.26455990299874,1
309325.902800001,209349.170499999,82.15085848404192,108.91560464406405,1
309313.1796,209293.983899999,76.24567602815742,109.01758338016772,1
310999.046899997,214949.8464,70.73875276269932,115.78232285642844,1
270343.773500003,209297.642299999,33.647174543792104,94.9497569771768,1
270577.793399997,209363.307500001,39.80081744048061,94.94908274015766,1
270568.828599997,209322.791000001,38.01441794786749,95.00241064083129,1
270295.457400002,209747.645,9.914648913511927,94.29531385263805,1
292608.238799997,224535.7238,11.863792161943877,98.21439126966868,1
292623.145099998,224534.864300001,35.779668287629384,98.2282391466664,1
292732.409699999,224588.732700001,72.94496150117828,98.56248975861676,1
274977.972999997,197375.4549,63.83122400864083,114.39265999542042,1
263835.151299998,216892.151500002,51.982857291767395,94.56175180043925,1
308996.998099998,215471.607000001,83.82222623327213,113.6984192489759,1
270001.057599999,213330.120000001,64.94519638415026,90.03621442038114,1
295714.1241,218106.860100001,63.94663287814739,104.44541920529042,1
295489.840499997,218112.369800001,77.65546126914668,103.62783371763872,1
301079.830700003,220594.116999999,51.10173517388488,114.89650618767445,1
303784.158799998,221266.664299998,74.65605459953309,131.38090635433034,1
270002.640500002,213309.632599998,16.546066968346288,90.05524321059929,1
270011.613200001,213319.174199998,78.51908247085163,90.02759302995742,1
274155.238200001,196642.305500001,24.46813878518603,116.34143450192681,1
313868.586199999,200308.318599999,67.43521617388302,120.13397028768637,1
295505.634800002,203479.728,81.62035057527494,100.6025560727586,1
296335.122900002,217650.357000001,69.34985142450996,105.6161092255862,1
296165.380099997,217978.2049,41.40234502054196,106.00998695431926,1
295407.023599997,225511.904300001,45.91434972121261,99.60464327792008,1
296246.235799998,225194.9318,72.57526594722687,98.90423677448251,1
310898.594400004,215010.795499999,55.03743929034457,115.67657930887304,1
310942.372097208,214897.208799311,70.64000233910348,115.20384525639922,1
310530.0691,215015.617699999,87.09333891551958,114.52824220814054,1
309236.451200001,214885.717500001,80.04076066063297,111.44805893077138,1
304831.121100001,222395.636100002,83.9796550804869,135.7586354679064,1
293388.061099999,212725.229800001,71.4761920857721,92.18366159563645,1
293205.315099999,213142.061299998,69.04701878009266,93.47035246958617,1
283662.6197,200029.215100002,53.1511774678177,107.02346612980193,1
283644.023100004,199929.314100001,64.75553554368196,107.38670687425545,1
304052.827500001,222168.773600001,42.794328989341636,132.54349896820034,1
314558.276699997,200877.293299999,60.010688549052865,124.63602144577067,1
314992.579800002,200039.581799999,14.777996138794043,131.65416104327835,1
314970.854400001,199930.4067,70.942552355824,132.03693008003495,1
310010.969400004,211451.654800002,44.87402574315847,106.48635562166953,1
307808.162,204288.059300002,69.12044327939083,115.4688822901577,1
274091.8486,196498.5748,26.385936496176075,116.82386767592183,1
274236.265000001,196177.030200001,68.23807447399294,118.38379669135414,1
272546.123800002,195966.2733,17.419780444607163,118.00378007447335,1
269363.5198,194740.923099998,65.04246214935165,118.79140947107527,1
269944.726599999,213338.798999999,43.778875573037126,90.09059748493864,1
269947.172200002,213377.119199999,76.3204195796613,90.0441354850672,1
270043.025200002,213428.340300001,49.71419927818166,89.89532144580866,1
280813.774099998,196628.2487,23.928005692295585,117.85756476649335,1
278181.462899998,198472.523899999,54.441756331327035,112.51511035528313,1
278141.242299996,198398.6281,83.23532070003958,112.49145597451539,1
276954.101599999,196483.2863,22.985049087069,118.7653769897518,1
291228.618600003,198370.146899998,85.98731089911739,105.4008750369548,1
291410.435599998,221995.1741,81.8031234439455,84.94225382403113,1
292607.376900002,221308.852899998,76.65767713709695,85.13537528387613,1
280044.940700002,200164.847800001,55.59311446331589,111.54306238081068,1
279592.729900002,202972.804900002,28.795818672148897,104.39451721925596,1
277523.506399997,196775.540100001,72.39317462113667,116.66903163756474,1
302944.310900003,231811.638799999,28.795818672148897,101.15105070528928,1
270001.5929,213416.250599999,73.58000114125463,89.95058486439954,1
277239.877700001,205733.063299999,57.48536118900202,94.68669912137342,1
305931.935999997,226819.487799998,61.32713215124827,117.20851290145099,1
270047.704300001,213453.808899999,70.2710875449745,89.87506975804942,1
270053.132299997,213602.258499999,16.546066968346288,89.78056188183959,1
270050.686300002,213667.075199999,25.662219331479598,89.74005850632108,1
271979.346500002,212448.032200001,68.26204837966901,89.77097718589266,1
300460.975599997,205389.397599999,7.045807828333839,109.80130684125012,1
297318.707000002,205040.496599998,52.99287387169888,106.06434727121835,1
296993.758400001,205369.480599999,64.81371541654859,106.027719090111,1
300517.986400001,205113.4815,50.4673843916041,108.90234223662347,1
301058.217699997,206489.137899999,70.4494638740789,113.61333592769347,1
309606.376699999,214998.569499999,78.57462740320564,112.65320467386047,1
310912.548299998,215675.790100001,28.998386176826337,119.55372400440785,1
311394.8552,215188.2313,76.22138980243058,118.08160509692073,1
310331.984300002,214936.297600001,86.56689060329481,113.61160560384693,1
303291.605700001,215757.0057,47.240064336363204,111.99473132133183,1
296269.931100003,228713.737500001,35.735200447212414,89.62380306916963,1
272198.554099999,212595.0031,79.71179004394453,89.48954931191541,1
271755.331500001,213528.664900001,7.045807828333839,87.95583737894978,1
273191.268399999,213253.425099999,76.01387092181416,87.6233281959064,1
267378.01864657,213612.964980901,57.332033826622265,93.20202934082953,1
279579.244199999,202909.467700001,44.50133361597685,104.71461491756567,1
296247.481899999,228672.003899999,68.73541552263067,89.7874005149893,1
293909.478100002,218085.186700001,22.985049087069,100.513258579619,1
294042.049999997,218357.054099999,78.57462740320564,99.68408214662458,1
302154.211199999,223446.800799999,50.138031837703316,112.85733363891704,1
299544.2271,232056.324000001,43.858019142790724,92.83834305502066,1
297406.575366076,231632.982416316,75.22112780212306,88.4543645732978,1
305455.534900002,232466.445099998,72.59166479644131,108.40437448630219,1
305517.819499999,232452.343800001,47.587954739492716,108.68798518012429,1
305573.038800001,232459.2412,55.203701329497804,108.90171427975874,1
305607.573600002,232509.579,78.45715656232237,109.11950088138767,1
305705.297300003,232516.479600001,58.75794130007439,109.55176954320712,1
306003.361599997,232649.697000001,80.66016802862147,110.86984798829668,1
305971.809299998,232479.033100002,78.3030235357683,110.629307754586,1
306223.857799999,232684.973200001,80.63839674710033,111.54408723587458,1
306380.304399997,232722.309300002,64.96555419358863,111.97702632726447,1
278109.8376,198712.059900001,8.449168867088128,112.11868587420405,1
279386.710500002,202695.507399999,62.26993254131672,104.57913903634858,1
270015.888099998,213422.704599999,28.795818672148897,89.93184592129288,1
273278.821099997,198647.377599999,39.80081744048061,106.58713757772324,1
310987.518399999,222342.267200001,73.20697566379347,140.06225382970385,1
311743.630800001,222401.400899999,2.3591792086199836,142.95991173881066,1
311107.591700003,223015.5121,32.65588489816218,143.36933679460424,1
311021.272600003,223068.556899998,41.15206323406912,142.79012121051446,1
289431.754600003,217625.019200001,81.24917132126873,84.35737234673013,1
305128.222199999,222234.1417,31.485934387304184,136.05368089778537,1
305247.961499996,222107.308200002,23.273863688116617,135.91309040825803,1
305738.023699999,223483.730300002,81.74484370065899,136.34698064562883,1
292418.915100001,218864.933400001,36.131064945665074,94.46658590286492,1
289221.290700004,212651.340399999,77.46179246391986,84.45093075576776,1
292565.325000003,224533.0211,40.20874814346286,98.1029271339892,1
301288.633400001,230783.271600001,16.087091183314225,95.00891864935953,1
301321.916000001,230854.173799999,62.203280296224044,95.16517768550867,1
301363.111500002,231097.4265,62.69173026673533,95.54126667374956,1
294492.468599997,221387.920200001,19.392175950645004,89.83579952648446,1
294492.894299999,221449.072299998,67.39942842570396,89.74359666660683,1
294543.634923846,221202.254578511,77.02005748231474,90.25222133674869,1
315217.255199999,198839.6877,62.26993254131672,138.5154808104949,1
273959.977399997,199294.471700001,67.66375543354906,101.48825363187868,1
274029.764899999,199395.889199998,32.81643731871057,100.45726478177362,1
274684.3477,198228.850099999,66.72784268239836,110.18920357974038,1
275979.351899996,198941.195799999,14.777996138794043,107.03593338147476,1
276486.747500002,198576.600000001,49.7314201673915,109.77500658893477,1
312917.055699997,204596.292300001,50.867537774078684,118.53284261543794,1
312896.266000003,204623.284699999,43.884305331389164,118.49929333174029,1
277169.203500003,199462.112199999,22.187925407231884,109.57701790467507,1
277056.746600002,199408.873300001,38.20630622740549,109.32868089001323,1
277232.458800003,199611.4186,27.303625016586572,109.40121384997916,1
277162.503399998,199737.891800001,20.45905485432508,108.99547414205675,1
277019.888400003,196464.5372,46.40714372097358,118.85801616129463,1
276946.3574,196841.473499998,27.671358604886482,117.33475824209253,1
277546.771399997,196739.047400001,59.485300100446274,116.75600790513984,1
318012.439125623,202369.548917982,67.18720951183403,127.12866919153447,1
273336.802000001,198733.800299998,29.848579514668934,106.07093639275246,1
312646.016599998,203049.2621,55.203701329497804,118.24052137557202,1
312614.8926,202985.910599999,76.73439290536213,118.17027139259585,1
312631.341700003,203071.9461,74.05020405630418,118.21775998974671,1
304750.848899998,202893.7412,11.639751540418173,107.6545419580387,1
313756.401000001,202217.938099999,47.966558478454864,119.45818273621626,1
314082.299000002,200487.550999999,54.99269269792011,121.53935388461555,1
313309.555299997,200441.144400001,82.83973618795564,115.92079489126937,1
302021.006399997,223662.391100001,54.85739922967809,111.37987592293659,1
301871.381700002,223876.770599999,56.84905227012967,110.06648417892356,1
301706.839500003,221932.329799999,50.580694455431534,116.19178011292902,1
304674.343955282,224619.214791408,31.7152756916121,119.44598270863602,1
266751.9749,199541.735100001,59.75504023293034,112.38529283293273,1
268913.230700001,199742.534000002,88.90971781651209,102.44589881484814,1
266772.209600002,197438.532400001,14.068707052153668,114.77645796182222,1
269374.075300001,206684.954700001,77.33398214611218,96.99770342348639,1
275190.448100001,197917.515700001,29.784709588513877,111.99318838204687,1
270152.894000001,208164.583700001,85.3954186522899,96.0770934041367,1
272702.465899996,210829.794399999,71.63366679508361,93.82690418165035,1
269981.387000002,213315.764699999,22.187925407231884,90.06386460102303,1
269978.608599998,213369.381000001,49.36493726493295,90.02581288642452,1
269976.4023,213392.556400001,44.72610449605773,90.00696504347853,1
271874.306900002,207671.903999999,82.37869694563169,96.4860707134742,1
267444.672200002,218201.662799999,69.30641080523766,91.18106922919269,1
267495.0185,218179.427999999,52.99287387169888,91.15732143546558,1
266010.9344,219597.661200002,28.24316803888427,89.48247760539164,1
266020.921999998,219593.504299998,24.46813878518603,89.48239712382382,1
264848.489299998,217807.999200001,86.84743231306355,92.39960269414415,1
264882.129500002,217402.473999999,87.30542746939498,93.51277671919644,1
265964.988499999,218699.912700001,67.53276066548972,90.76681798678614,1
266104.169799998,218937.172800001,59.373854078126925,90.31471088671194,1
266109.028099999,218981.285100002,77.86914092028827,90.21465482059352,1
266460.595399998,219501.530900002,60.003675201827996,89.56047133510498,1
265263.659599997,218755.196400002,55.64615783328838,90.31775610058654,1
268439.044200003,220470.867699999,60.010688549052865,87.93366729858472,1
262529.643399999,216118.591699999,53.46167430444381,97.49535202190843,1
262140.619000003,220544.513999999,53.676836866997206,96.2921615266273,1
262189.538099997,220666.302900001,3.3345002657564264,96.6448093337599,1
262010.469265547,220827.733355767,25.744237680009864,98.13459002439403,1
262041.816399999,220833.1171,42.794328989341636,98.06765737651051,1
261967.2764,220842.775199998,66.04956429956493,98.40508134679406,1
261898.313500002,220790.599100001,31.485934387304184,98.43645809577467,1
261893.869400002,220682.854699999,41.648562024722125,97.96478297325501,1
293250.240599997,200894.171500001,88.84048625280394,101.76871255841881,1
293278.329259848,200751.357855296,72.57115898283516,101.9093254438128,1
296753.367700003,203157.4078,43.69930131040392,101.59325440643332,1
296790.754299998,203170.538400002,42.45103629046297,101.60259623662485,1
293518.600500002,200637.643599998,82.47293731934438,101.83423718133848,1
295265.719400004,203206.709199999,73.1639393581539,100.54254247840367,1
287462.722999997,207309.548599999,84.7797186260746,88.35371243565558,1
300650.672791049,213087.424612187,80.17978886229965,93.86376006498966,1
291331.167599998,211088.996599998,21.23951356076885,86.69324779472194,1
307462.915063701,205234.960509667,32.16461009971153,118.02749639983085,1
289250.20949911,210730.500303959,48.3730589919411,84.15819926734379,1
288973.226063689,212937.465280502,86.7161837002945,83.30994523732811,1
289953.6219576,216541.148534473,80.44889323407327,85.73743467229329,1
289198.416981483,213476.88681042,56.06174069951194,83.68524873252322,1
287742.409192344,206925.190331828,88.50619057857536,88.39330930900742,1
289502.618598251,211942.336551483,57.111789196422414,84.90015155709878,1
293926.645089061,218928.110342857,41.648562024722125,97.54946025902746,1
290417.039032819,209971.47774001,76.48933720279543,83.51009768514241,1
290033.180985856,213554.268133497,59.19295053762106,87.3749801613117,1
290811.318942589,197392.759144607,78.17645176326918,105.26846012448394,1
310560.06209074,215001.945029316,25.744237680009864,114.50761824894055,1
310539.275415073,214996.970440267,80.3858791541658,114.47541827657855,1
288147.520167142,217764.642080676,77.2238047238277,80.3665091355071,1
297239.724804215,205872.07921578,59.2460477335842,107.60010630197482,1
295650.565448852,205041.559850009,76.88451881468448,99.2461823127756,1
296363.17060871,217577.442939315,85.75468929462545,105.4816825262019,1
306789.103904331,213076.721157,66.0174657025456,103.97595239594855,1
303781.856570284,221104.758869666,88.02863772201432,130.51845857819902,1
312480.833740239,213591.93757447,36.55978683951638,113.90250577308869,1
317829.703805999,202407.266679175,61.77546037579224,127.91079417660147,1
280448.375807977,211973.085958389,65.59181309289427,94.13914222874861,1
280554.553510682,211977.871437984,76.79494061753695,94.09957730959384,1
280634.130680968,212007.546965286,58.5089903180537,94.00606612988717,1
292604.333234648,217420.831043785,53.410479604454196,99.19087456429023,1
292596.367036019,217438.976273995,34.2924366322303,99.14729091981022,1
313173.413037472,197523.708275157,36.93607534036099,132.22005747998887,1
303799.397524657,221300.897550773,81.22568932436583,131.60520017748357,1
274607.697490563,210040.296216526,78.70202944990825,95.5980085371434,1
280687.582047249,212089.763452691,59.61742993438767,93.75349662528312,1
280637.656781739,211981.6408623,65.94566952333868,94.05852550682961,1
280717.801279051,212011.208713267,74.09201450317781,93.90370315507633,1
280592.106865068,212021.511036933,39.80081744048061,93.98806538258717,1
280633.447546923,212052.290230723,63.22018488761779,93.8749176875311,1
280666.462034263,212051.983635421,83.75928852171883,93.85291998019191,1
280413.545284202,212073.470606245,41.70949490143645,93.8539163216047,1
291240.65898107,198094.557280201,88.16197128159658,105.55152255428091,1
291234.192937792,198131.446886083,87.12812306745232,105.52883399070524,1
306860.883000348,220426.471881404,44.89853187673954,130.3839975677447,1
282443.089345855,221376.021416519,70.14874283104253,78.0100486041345,1
295569.701691854,208980.027407448,87.44337356931733,86.87059706804976,1
273955.661906714,199308.350719446,60.9270653466249,101.31101392976178,1
296036.679276733,219674.888286467,45.380042997078384,103.061904420348,1
296039.343023068,219554.092170911,78.99278965718756,103.59666273503332,1
294105.708358786,219387.756904371,85.34177218692479,94.95603328174623,1
294108.785942909,219226.658870907,85.99674821488495,96.05364529215382,1
288838.666378573,211483.357881119,69.4941866299077,83.59439779622772,1
288837.146417919,211534.740561249,24.990717136030163,83.54504008245061,1
287847.005825425,209499.271973898,52.49135375577209,85.5508959655429,1
300448.110850436,215248.331511158,47.156909623371696,98.79389900266243,1
300433.077336856,215234.540436716,43.858019142790724,98.72804376270258,1
286342.506832667,217385.879981303,83.78265674692167,79.1385316630567,1
306762.921053431,212977.261082992,86.3480197276727,103.91759126363438,1
306775.181431158,212935.868248097,79.76320561590498,103.92386665105164,1
297353.114494448,205074.427398794,59.44086907749736,106.22857103379377,1
297330.193767851,205047.801242955,55.43247691514925,106.12788551092393,1
302593.608323686,229505.214924186,62.23111074439877,99.05454462260711,1
293557.550775355,209830.543391962,72.67296962016968,85.36908096629828,1
288614.446705812,208598.819395579,75.32028827366828,85.77427022082736,1
290949.378779659,197448.488771794,77.18480263760418,105.33920449393878,1
291107.521993679,197546.187482795,87.09911156723099,105.45160854919786,1
290848.75334404,197346.177101562,64.65485010450847,105.29016313388755,1
291106.557806895,197498.326182345,57.111789196422414,105.44321557327038,1
291100.355316782,197472.779558992,75.40704265840412,105.4325077088136,1
291090.595984256,197467.814673878,73.32334389193838,105.42484158672005,1
291056.044408626,197673.44689506,76.26782592235405,105.44220622814883,1
291121.925790389,197742.503283173,69.37714683435613,105.51120857591154,1
291104.463255464,197895.697339561,38.091453254084065,105.52080509035616,1
291138.594573726,197990.153778474,60.56281925081202,105.50929697892641,1
291053.663153864,197796.478391123,60.41590280382031,105.4591606648422,1
300721.040299028,211913.273796808,54.66297792259787,94.51324739440858,1
300912.878914493,212137.614985203,68.26204837966901,94.89146936655214,1
302335.574520566,211995.426615799,71.53022011175148,98.14527318359015,1
299753.839430067,212970.638665523,78.29473924225742,92.89217481592243,1
299987.524743841,213225.981232492,25.744237680009864,93.17192688495074,1
302983.348770287,212844.920917165,44.87402574315847,99.07540869390374,1
302687.353762656,212849.75516572,28.17276714779533,98.50294098579685,1
302454.781943289,211564.884411639,88.76894990184113,98.54593615755078,1
285378.175106226,210101.916417347,87.47426774991608,87.24857737543311,1
271912.537071358,205305.564512294,28.24316803888427,95.61453079406539,1
293020.74851513724,207988.8485971328,82.0259208353931,82.7136249056162,0
271064.8688225899,209281.2599988272,68.32559271086593,95.3072007906622,0
268112.5016820675,197594.20888492663,88.42603081944657,106.57001044018837,0
282869.0831657443,204130.9388565257,84.95296307678079,100.79722766121037,0
312711.1395478678,202176.33876110724,20.45905485432508,117.41142062597632,0
272954.2919576763,213301.0980393619,89.57271842186884,87.54801649032771,0
299223.95668818895,224369.5784705912,50.33665149994508,108.10108842186867,0
271968.7424152709,198050.50533546615,87.89942668289206,107.16321508722619,0
296087.62234204187,226931.91650835652,51.64670321460959,96.32415406441665,0
305428.41128614347,199883.17725932164,79.75543121824391,112.5012201064555,0
282662.06142890564,223785.35867637035,66.02103860669084,78.41310395773525,0
278450.30875926145,219419.1963403799,87.60169031929564,81.73778220739241,0
310828.8216926559,207011.8709581003,65.51990355675905,114.71895817564855,0
294608.99703586096,222168.9084894709,21.347818410180942,90.17254593475712,0
284022.486534465,225509.99760643975,87.17912895052098,78.4229746579704,0
292152.903283838,212375.0079174309,50.22116161437271,91.31492032243307,0
287521.5455380533,218467.75101104533,73.56624364417465,79.18507426323946,0
295178.9800959411,203409.56138266175,11.863792161943877,100.1384035255921,0
286733.21606423025,202243.75482840385,89.89439125471117,98.49208090401319,0
304147.71557148016,213389.79435020944,60.395696598325095,101.32631101086409,0
301564.3867318512,217184.41389741193,39.060050894315104,112.72778809581632,0
288328.0092038385,204662.93355168783,61.122938660163996,92.83038983428125,0
310205.59601715714,208661.7012339771,84.55125020966636,111.49995631983919,0
289238.1335722378,222246.07234567543,81.2228937246701,80.96386063729122,0
313393.6760061917,201763.3769798094,56.50169304667655,117.8379263632475,0
271294.2038095679,194504.9197038163,80.72045272830792,120.56516960893305,0
310272.09780355217,217361.2653003463,28.24316803888427,129.37571836643644,0
271655.4102049451,207953.1663930645,56.657433444106985,96.49143801727774,0
284447.3499316222,196302.6086320932,89.8826155245752,117.61329469749714,0
284850.9894897413,210059.3503601815,70.78481100623564,87.55271086829963,0
270424.01063846616,201495.59451585388,83.68594421977659,98.1246489648637,0
298754.84754249535,222812.40390110272,72.27912359835784,107.6605626378562,0
305116.51122890244,228930.6412490685,36.60203595952632,107.73064711021698,0
294797.56052452966,220573.30481813883,84.8325985435229,92.75688675734355,0
310574.67172608804,210463.8702298141,9.64062311956817,109.11694762468598,0
288045.08568128274,210144.18143965933,88.38292287052789,84.83456215923864,0
290512.2691532091,194618.053873326,40.89759507979258,105.59338445375568,0
302050.56388249237,231922.6609033046,82.95721412201314,98.92844538393045,0
290558.7341272295,206561.65688417037,89.22607080863789,84.59992780047511,0
268199.47533240344,211480.711869276,83.96351339575341,92.31988971936333,0
291267.46120169695,210114.3332961237,84.73554672843538,84.379251614656,0
298950.1042431191,209620.1616740368,86.52652310977693,93.81531791301715,0
293984.6750557865,203860.94524235063,81.65932366373978,96.38546931713279,0
285209.87534515414,197067.2869962799,89.21809547120208,111.31073169117846,0
306640.196262633,210511.0628572557,77.89352972317117,104.42634990074347,0
290033.17844419624,221246.570815206,88.86043873373129,80.51513200405135,0
301084.7334557874,217511.63608657024,27.525250054530446,112.09966487881421,0
282944.4223707145,204427.32622066903,74.34409601604342,99.48192863803449,0
288655.0118522823,215097.2143609236,86.50304848417048,80.74997773626981,0
269139.126812394,206732.5522874467,87.54459477552491,96.93999497582581,0
276515.22277240717,215584.47745929065,70.28101565154728,80.06117626890065,0
267996.9520928777,220034.40567147845,56.102463667510506,88.46202231013477,0
274516.32504268107,224435.02434574705,87.18233825118513,84.35290717560778,0
280258.58442808315,206067.319716338,88.9738977680285,97.05096251141683,0
282933.98317124456,197044.7690711927,64.92070109582843,116.74428953544803,0
302425.5409409697,225764.77303238877,40.20874814346286,101.49349950260068,0
273085.83883085614,217262.8229415201,70.73875276269932,82.89136273839728,0
271496.12716286944,200758.1600872267,82.6254968651915,95.7127819294301,0
284724.3584795076,193643.53159796615,69.34985142450996,117.78444785053742,0
261736.98416493784,214891.13597256684,45.66132578306161,100.30561379286215,0
265845.428641247,217343.84253210857,86.27518326741988,93.95347327744793,0
272869.4661841403,208440.59236309872,78.3946216671421,95.73275685409902,0
287007.3552632946,194397.8754084588,89.9578428516376,111.01850750176365,0
279506.0458741315,197594.19133253323,65.73744700697188,115.03570760898774,0
306306.8818970787,224235.80599280327,71.4266615998243,134.94865732015288,0
277080.7435471464,198146.12878330817,32.21992549693892,111.79444588024178,0
310473.4539852953,204735.6703327761,30.038722645693635,116.1034647015645,0
270608.8552990314,213424.53024392767,79.86053306553862,89.27012443793393,0
310939.10718793015,207522.0903676789,86.60783182616477,114.13782290145974,0
284489.2161451596,215894.5471235043,73.91954018538647,79.6788414989007,0
295168.6228887342,221375.7488691144,17.836740832660105,93.00249624712345,0
291149.7135350187,204679.77453824744,88.69102919167901,89.61985115165936,0
275334.8193086139,197502.53560339013,80.68638656233148,114.02125480540377,0
288280.9150007184,204955.5585223236,85.51188960296041,92.09088345625129,0
293604.5545619001,196911.2979971646,88.65152611634639,103.7727960161426,0
305374.2689733889,211251.35419961004,88.39296650513947,103.46472685636553,0
273254.8590029272,206347.85590846537,85.27176170882532,95.84807671723496,0
281374.26908573543,208695.66457996485,86.80935564339048,96.07141376891632,0
277955.8278627051,205055.40122686056,87.53152906707598,94.11813503668071,0
303776.16919366096,212053.0584649781,84.52139800781664,100.81349719802571,0
264943.9553338461,219074.28268403688,78.81912355396676,89.6563841000533,0
296721.0129421104,232067.2859963073,28.24316803888427,89.08414802585739,0
303578.84510234697,227894.84203952475,23.65094353072234,100.286466515961,0
292655.508751726,219123.97874906543,70.87594372889637,93.85162179284231,0
294909.57831173285,220433.0916815357,48.3730589919411,93.71759769969869,0
280056.89168826636,194816.87053103783,78.18157669250463,121.8250276158588,0
271373.5582530954,216422.70206714643,27.816181882961594,86.58221098313547,0
283462.96754891647,212341.95126424392,67.9855979449685,85.4048868858253,0
302707.50493580673,207115.43252845336,31.311813265793955,117.37165801140205,0
279531.44104378787,217080.0926857312,46.118043491324975,82.03454419589163,0
303318.87780477287,212526.7843563277,80.71693883618453,99.89669663332504,0
276862.1296111013,220083.99412214308,80.90116368035504,81.8910030491568,0
294332.8183833058,231726.54542198277,85.34951374903848,86.75008256405015,0
281959.6936630896,196374.76194157463,87.6607059519721,117.95180062821017,0
296006.0936709252,202892.40858907215,8.449168867088128,101.51670997274937,0
265515.6931566528,216347.87819708895,60.09446392945084,96.86319593818088,0
310630.74086530705,204888.17792242457,35.19182233607663,116.16441389743777,0
293571.37427343824,220098.5912230394,42.794328989341636,88.79824784128432,0
287235.85361479543,210597.2686910144,89.48793396901482,84.96269236017017,0
282976.58163274947,206654.14904694105,88.45490157715511,93.72029766025291,0
273671.81924169214,198468.32370770173,65.73744700697188,108.27402981468406,0
296417.26962161454,194966.34874435377,7.045807828333839,103.61811836873645,0
288076.2598798179,207804.5944173408,82.9462611974589,86.86865606525265,0
314977.2312042201,199105.80989035213,77.49529413072095,135.2052707971223,0
290968.93569490296,202304.8676062223,69.8421678983881,101.32761313384574,0
292990.48909595626,203415.48129958715,58.85272222800136,96.80664974211281,0
270078.5230234893,205932.78580922817,9.64062311956817,97.37469397143393,0
300316.9738189606,220917.05204585663,36.60203595952631,113.44751753202587,0
273355.9868752604,222758.01319770163,66.6852857416826,83.83858510981943,0
294451.0545721173,225823.5488301964,60.010688549052865,100.69396586047847,0
271345.6619252823,206414.72521845673,87.22937055606141,96.592762899479,0
278758.77319653437,205063.6443942596,89.99597438327895,95.64921180023376,0
283801.82533088705,211155.3049270324,87.79477468526765,86.32622976848778,0
300634.0378871664,197795.44527332825,88.56428502457005,102.41439786735083,0
305589.9770562017,203691.93540073265,28.931139226096093,111.12251811832554,0
279595.2442662352,196068.91800760935,80.20369546760082,118.20608501201352,0
292986.80918786203,216792.7248595604,20.45905485432508,99.82612100322771,0
262733.20025653276,218356.11202047952,73.67534521767746,92.67686778624909,0
302269.5420997002,229341.6719932335,81.46540659675223,97.45432477324493,0
277091.4412212255,209012.28287753655,43.884305331389164,96.98852515403449,0
276231.3442619088,209605.5157705862,70.92102595971559,96.53474758954724,0
308078.27000688686,212972.4861480608,87.44550503292164,104.4655445585148,0
294712.2147197582,198413.3516230515,28.24316803888427,102.27504525869001,0
264897.4540013063,215542.49498753523,25.161218481766763,98.49306579959898,0
287871.79896419373,216746.38569880865,87.08231893226773,80.41370847703219,0
289260.97705091763,205373.37268249845,87.29742082128772,89.61921945823255,0
304442.3304174537,227758.76880660228,79.07933654414556,104.64495962628673,0
289000.4702996438,200979.26863313775,72.4911819930211,100.2370816116404,0
294411.99174413143,219132.35178447785,87.55239141607439,97.46151650756687,0
308620.248562795,201482.94176141097,78.93194929864005,114.51517000987872,0
289410.8480195523,199377.47860428845,61.4668982287392,103.29387625526174,0
302797.9589432764,231528.8179578942,49.54073132744993,100.39569428607406,0
301422.88245163334,198491.82422406305,83.407461316133,102.37874920289349,0
296168.6745537046,218611.7814137295,48.3730589919411,106.48591104456428,0
290516.58741412556,217573.46054172236,47.42534182986801,88.84223881675737,0
291534.11501692055,217086.7963265324,69.02794422666445,94.10914410210296,0
301717.3051984171,204908.3353067069,46.20763464786452,110.58814914096214,0
273849.5736390308,199513.17060872217,81.55665433404711,100.13242868004616,0
273324.9183307902,211222.9973343126,16.546066968346288,93.98499672818664,0
271114.9741454909,211571.49065745855,53.410479604454196,91.89215434274888,0
284150.0126970346,227474.63597980497,84.94873685237268,79.1957646013554,0
312075.1156409759,212790.86969569552,86.10445816884938,111.91818063498431,0
305303.4876628321,209122.53003633243,29.784709588513877,107.2886926301342,0
310264.6778022893,199911.62366721983,77.07400169612245,116.46776717805014,0
284719.46151011076,224654.1552782675,71.88639636868979,78.13464129715975,0
291908.9855988875,209398.8635288805,88.21954101246583,83.32342106294954,0
277149.28557105915,222428.23009219507,63.460997621133416,83.17485998811313,0
304334.00093678123,206455.43149100777,40.99351917205686,119.11680313078382,0
308429.3940131908,222144.75311241252,50.13803183770332,134.87416685941034,0
290387.35065748985,209697.0491136055,86.95341556520009,83.38257572706742,0
319336.1738014335,202412.9346631054,46.64717850220614,121.45792996138361,0
271881.59662871243,216021.4019142479,47.86794400187602,85.87176869470092,0
297827.6252931216,233017.0930913309,60.28040167240716,92.49102329770085,0
287935.5664833336,227290.71481099987,71.91553769226901,79.85360883630763,0
294864.6357012323,206425.5021343409,31.485934387304184,92.48142578410483,0
304015.6803769958,230485.10977076073,87.04225008543884,104.45287332467916,0
286439.18540352106,203851.20531311972,80.89336382209042,96.08309693948183,0
290732.7128519378,226536.45489360887,50.07114130204049,86.98292045682928,0
278427.54159704584,197858.5033081131,54.76631377249593,113.7323581690885,0
302164.8926969539,223107.68305394985,52.2255957895871,114.0980791377209,0
278566.3306625481,215437.0775081921,62.203280296224044,83.05435628684478,0
291633.08132379944,201483.4158292824,41.12048620913214,102.23433343552507,0
287969.0942507342,207464.99208997472,89.24959781072779,87.38831079589174,0
287468.5017796258,216127.08755471895,39.83522587386178,80.18124352497415,0
289565.07724781317,216266.58500353963,53.032644621831444,83.97019641796537,0
301348.12023854535,232389.70755194465,11.639751540418173,98.35064045938233,0
293401.56474209344,216312.3333948696,55.64615783328838,99.54446478523937,0
274508.17083764705,203599.71101560755,64.9166115336161,96.22198077228788,0
303251.23745696445,203540.6946028472,5.263412295866047,107.37453213489223,0
289688.49127984664,205935.81160915675,89.89211618188851,86.99320364895448,0
279405.4576333926,199465.9525825339,43.565709156281734,112.19634422390769,0
302588.4784667724,210670.79900792512,82.40635529567048,98.50871901894885,0
286390.011086408,225212.21441145297,89.1697855977014,78.49156426594938,0
291902.62350488256,218824.9215048357,48.524743100523004,92.53348236284307,0
290659.64493051195,222394.17383242285,47.302101893022716,84.99283512325019,0
307360.032304808,228569.39188298443,49.09676585143279,121.37804936457475,0
278948.02185983205,201656.40801070127,82.86700697903441,106.25454877680488,0
310038.41549651796,200224.06711316697,62.90066617675434,116.18129010181634,0
314076.572463482,200581.32899002085,65.85500814814827,121.22756189797857,0
297791.76597263664,209870.0494943882,82.63346735228203,91.75826359266105,0
279801.1594841764,222638.7990993027,55.64615783328838,81.48723377944386,0
298160.7766443216,208300.64079507883,76.62315123390823,99.06637321583625,0
274793.9109029993,220875.0417673883,58.312073404114145,82.36698314014201,0
277658.57743161847,208757.7408562549,81.47951442000553,97.31612146691901,0
277894.3634695241,209789.80145365925,46.9679556075335,97.32259577283409,0
305898.167655209,221077.57591610905,53.86350843307098,133.58342173244375,0
272030.4457387268,195638.26938161528,37.85921223650707,120.28022579354209,0
286793.9745617432,204509.09170860116,61.197697848769046,94.61130393471889,0
268182.4038110015,217616.65692674255,85.3549125251469,90.9078713004735,0
298847.6698782771,214849.914397866,83.88306069137408,97.65613193802571,0
291591.2064837595,222107.95870936543,79.65844822428872,85.81843189319927,0
296161.2251338295,225207.92337633457,64.4627596969292,98.80358955177874,0
304726.4288421802,226804.02178847633,12.509135713155962,109.02371909544074,0
278802.8141111763,211006.7474289128,77.00646554438562,97.6617233518243,0
289252.91760885867,204912.81541707748,88.52291040284472,91.17646235886949,0
307332.84002276417,222394.96478926108,50.867537774078684,134.73942363343193,0
302000.4662261778,198540.25871305476,86.74312847246794,103.22929384447723,0
290903.3970187165,206610.54309763951,80.86866251971398,83.9935805608056,0
303668.823810045,204520.80744574845,57.13956635544478,112.02136783964681,0
314705.1294898496,199922.43791792585,77.11457447643363,130.10747508576037,0
300335.1820554922,212142.92586243188,37.74180123541887,93.6859952483273,0
275079.39600547584,209219.6137093871,85.75126324770324,96.02370102230843,0
274756.02634043497,200501.33207622252,72.73586814094229,98.16020235372206,0
289682.19786138326,196028.57334438615,84.6240779868385,106.07061116613397,0
275374.9983935372,215069.24883424735,89.10122517762638,80.65428921369667,0
296154.97912401496,204650.71014350365,74.92089543527165,102.11799826805094,0
283447.8285270733,211608.77527135183,86.89356592926487,86.4359582064907,0
294008.71304929996,198017.2445683147,86.4416378191865,103.01610229493772,0
296076.5757362471,222349.2776472121,26.385936496176075,95.13904032565694,0
292378.00386487204,209746.4649064465,85.21693374629407,84.35240345841633,0
308378.6822481511,207246.13757767933,62.30307838638185,119.18623107850256,0
267784.3068253908,196173.39670192965,88.29505690873859,112.17194866554144,0
261937.8055940792,218208.312095207,81.44233115893643,95.2333937756047,0
261822.35950188033,221413.82789974057,27.816181882961594,101.75299863841464,0
300958.45716619183,224527.95756061177,22.789528918056146,106.4194176716922,0
302462.28130413685,210456.98310462176,86.38026263502506,98.30825564184921,0
299613.47533727146,226042.5925227934,25.161218481766767,98.50965222707013,0
273765.21707521734,203901.06020558963,87.73984441734366,95.74101175586473,0
267459.5775050423,195364.3662582934,82.45167964701508,115.91870914795865,0
284817.6183929818,226252.7806008632,74.12108683810753,78.53380660780462,0
273562.9973105967,196264.02943035815,62.5102628766957,117.2359371521282,0
289771.23989260494,211635.96349100128,85.22576359856622,85.32680835415574,0
296962.47916040017,206732.0581321701,47.240064336363204,105.26768026133202,0
311326.94382792606,204866.54260792697,86.82012470128922,116.66161814118996,0
277939.74946664245,219346.7639695145,76.50461593618257,81.67938314016553,0
299708.866993327,218207.06435459125,58.91542809148995,113.97121186882943,0
281895.13685474364,203420.36588237417,33.08058807861673,105.75168060177484,0
310018.38034310937,209746.62817256904,85.68917623225626,109.20754905395466,0
297285.48471672565,212033.97424614945,78.72025506096412,90.50051097554277,0
293695.02472392935,198341.69737138343,84.75918690073806,103.15989824120342,0
295936.00387340214,207060.7049116271,82.14472546915735,97.73456980128546,0
266077.8008952929,213884.92951508783,48.524743100523004,95.28622281346732,0
277847.5349072669,225518.43605930035,26.385936496176075,84.13725601802622,0
270926.4426232288,222996.6265925012,82.93762589069658,85.83423512934525,0
287866.4791339749,195839.08824608216,79.67100683297302,107.54535929928413,0
311579.39160195447,221005.19324802732,28.931139226096093,140.28744186820865,0
279492.8837385413,205107.66842075565,88.1185946770103,97.11147305837827,0
278136.2202497853,204759.74838541145,89.46755154732153,94.75450347439029,0
268454.6608327823,215794.63166052703,82.1428451395721,91.43604192096772,0
304246.6195340262,232207.07252040223,66.19067690045212,104.91554089175283,0
276060.48191854,209873.7829711582,76.46632146203692,96.47120917313909,0
303111.01143239066,229410.85451598532,78.67057891201135,100.97267568256257,0
272990.06499442435,198934.74695142335,17.419780444607163,103.68455396866821,0
287334.37688971974,215913.9851089332,79.4055543747103,80.27608605080403,0
279859.3020882014,224511.13835591247,62.8955013872356,81.99450915146022,0
283351.9377214705,210659.9023852483,88.37325195524464,87.57141795791954,0
285924.88701845624,215482.89923568763,89.96881195342155,80.70900378221361,0
295245.63059381803,223717.85652127757,41.40234502054196,94.15379635685349,0
259735.28270102243,220183.7043792965,83.64838821336251,107.20449801950193,0
269858.17513962527,210386.3665145785,37.85921223650707,93.37669314899573,0
287991.55681809556,209980.6040066419,89.71564494393728,85.01642620287647,0
299762.0192668474,212151.54428293975,76.39851417807695,92.64887032133029,0
306012.73769941204,214003.2569002951,55.345865090810804,104.08239314495665,0
269236.5301736106,214066.19664470595,82.6988311387569,90.5538321809249,0
282712.36879850284,221102.6599505259,68.93178247697277,77.71930367472912,0
288891.8815046304,223731.3516389316,78.26142514416323,81.98355778478552,0
282902.6099340185,200247.20460411857,79.16025284583509,109.77644468041478,0
300046.2950963402,214603.9739953966,74.65605459953309,95.97730398128337,0
296801.6572313011,201496.85135517092,79.10450380296794,100.68612827603422,0
310061.8077358173,198864.36252522448,34.2924366322303,120.02268238789463,0
303155.9329202438,205619.3875760732,42.099664460869185,115.31306678513943,0
277051.8979445314,219147.55716241707,86.56867796545038,81.44324062539506,0
270962.5769575893,204500.08657151213,81.2960866535639,96.57908627378727,0
288453.40379125223,205314.5859850032,87.91343901391375,91.03321067395875,0
300049.11705344735,203260.13159442836,69.23957405925013,101.93455364232852,0
303980.89856269263,226597.99180864697,53.90049263000925,106.0396330249221,0
270616.52941762767,196421.55604599847,87.87048627874148,113.58763424030329,0
296783.5507889046,229072.2037247656,86.07581134508246,88.0095151538465,0
269463.05420112127,208098.51866337025,58.035119066599066,95.9141032408844,0
298507.50738610514,203002.22799275807,88.41617814632701,101.26613283321365,0
290883.2292880142,208857.90991313205,88.87360961161016,81.90199159333278,0
287845.0559044067,229327.28305956375,74.52356448590218,80.21384884952624,0
299774.91028000036,204541.6599352016,58.85272222800136,105.38911615885206,0
299941.39786226087,211305.09117409703,89.80397337725319,92.9058503689663,0
297441.64164108824,200419.172499043,77.79084757663087,100.12178108107679,0
304783.3177395643,228561.7763393812,42.45103629046298,106.17807177384155,0
280820.3788117895,219436.61102778267,85.50305256630368,80.03556164965501,0
300711.8960740222,231889.38788652848,62.23111074439877,95.0305587369131,0
269482.3272031927,214211.37200571876,82.11105232114053,90.14465378444724,0
310912.1676590337,204403.4718204843,88.14705030127672,116.48881305509363,0
277446.9361855209,195644.47045679344,33.848442965400494,121.75143818986935,0
277001.47918275994,219753.08915368497,50.867537774078684,81.73317113492766,0
313157.28214701114,201921.66394694665,74.9288691163957,117.67365351265298,0
309333.80297930574,206063.1263614227,89.02272239533966,115.8034314964246,0
268714.3939907071,197133.0424020438,89.01764390098461,107.04312990284541,0
270502.3760748902,216035.0628086308,28.17276714779533,88.01739157419509,0
310323.215276051,223226.64610820808,19.392175950645004,142.96885392433816,0
279223.3753528848,201074.8121897645,67.38147043006433,108.90411942586579,0
293962.27697319153,231198.18586011304,18.37415404001189,86.21338209088835,0
270821.90211504773,205535.52536697095,81.96761108278132,96.87055680596285,0
272110.84539400996,198873.68395630893,86.25160797596243,102.06220079061681,0
281984.6842958453,217182.007250262,79.85324859348626,79.67473729644283,0
287445.9270657377,226646.13487032728,65.45118721631998,79.37459787241468,0
284327.5754462715,217526.155176089,20.798455890779106,78.16281159942503,0
277828.384924034,224445.48720122216,55.269535535442195,83.81310392715528,0
298324.00935503194,204400.717944,76.6840073532648,104.47810601067887,0
275516.593122319,221705.98743702457,89.69806150162982,82.8034995314225,0
309921.43808620446,221941.61619252744,13.118909070206575,137.38761007249676,0
304667.610037802,230629.573905126,67.33940101546634,106.55052545394017,0
273261.7392697979,214895.4947108414,82.05771382154374,83.22048966710418,0
308712.6158667449,224152.19926943356,23.928005692295585,140.20161193027755,0
289794.14439241105,211307.3465923628,86.78056325111666,84.96931993964952,0
283968.9102374414,203204.5073240215,83.73692544138731,100.94026313937553,0
308348.24287606124,224679.46024651887,27.525250054530446,137.95752420802668,0
276460.9185127981,211742.2157662692,36.38966871477508,94.793105512968,0
293981.35370500205,209876.10472652025,89.61497933723633,85.4909470095922,0
275074.15160415863,198275.81546742885,26.620220503865802,110.22891622319504,0
304249.80596739193,212293.70881924249,86.0989907995754,101.53380558126759,0
291709.46486799984,205245.7235600792,85.40244409090944,87.75034948591194,0
304847.34395568434,209393.37789909684,77.89490582559203,103.86147213741982,0
284911.36641649855,216586.04351617413,13.884741749078023,79.3000816246346,0
288258.3366882357,202857.5955593568,78.02131188493932,96.45483145589893,0
294577.52237079135,207049.26941471233,16.241845772484105,89.49790742208775,0
261513.28752488428,219456.31660025305,57.863655171359206,96.32473714499052,0
301931.9647789204,203438.21463964428,85.63516082179734,104.98332754435337,0
305670.9825069651,198304.4667930956,77.02965933267639,123.9093274057742,0
279577.4367102253,200637.07482649767,56.73448370782486,110.58659877436075,0
303169.9161500099,212641.09141546735,53.57606713452891,99.5614123341077,0
278821.424779876,216982.17179126345,79.5668881284007,81.88949124174192,0
275891.17205098545,210959.91573267357,84.52615307230404,96.25353991727023,0
286012.16919360525,206586.62973017743,73.73020090753697,91.26939384726299,0
307901.0120932332,202664.78480432843,88.7352416571413,112.24669393595758,0
302422.4510481072,205832.0595794475,28.24316803888427,115.15785075706785,0
269424.07195446343,209540.9195346395,52.49135375577209,94.17733009636048,0
284983.29329194286,226140.61150919547,80.44235410484045,78.48266469466647,0
276150.63955859514,221891.52183634153,89.75732073539253,82.90069018102233,0
284784.51373607194,219463.34603127328,88.44693707688926,76.95637867278361,0
311134.42845117813,198433.19641121663,69.69645750525827,117.90428116677018,0
281095.4694202492,225748.05020937175,64.58279515025632,80.8822940572681,0
280130.5444579824,206492.03632277343,89.59632838975011,96.90344163085824,0
283403.71956687956,225375.6912509433,87.92272591635118,78.56466642832791,0
277279.0835720707,209218.01003187447,40.34236228680393,96.99163658099752,0
294751.29579353717,202824.3973825299,76.5096973368608,100.35976111257342,0
286236.4060126655,211527.0093904027,89.00577877918748,84.88401568168997,0
286127.445004258,201987.90215978364,86.30532767046353,99.54514007170803,0
271522.4498131523,216068.57213375412,41.15206323406912,86.5033450653961,0
288552.5808920693,218674.0588182065,78.39825711622838,80.09203108812403,0
311409.2343623255,215168.32852393275,70.42621873084097,118.06480475105968,0
303641.8499423251,225327.5103889642,66.57952471503945,109.32354784849953,0
264621.2712499416,215748.73472703248,72.21980603702046,97.56751470053814,0
280799.9359263651,193891.99065232457,72.59166479644131,123.86349276715696,0
276454.0271733535,206258.17658885833,72.2719215480074,96.09775100768003,0
296112.3702778942,199916.22970416077,65.53130009283677,100.95591267357815,0
278132.25015368283,212831.32322595693,83.00025509204445,91.72852939137893,0
309360.13605010096,200586.56989684657,81.5294464685282,116.41602223493115,0
277147.0621986511,212587.87097427505,79.87451832320124,91.61408209476234,0
278286.0865879164,220843.8819123983,85.26203066825569,82.33454232899376,0
305476.40704881115,225718.4616256198,57.44049163144025,120.30079940455829,0
298471.7508419631,209055.81240830736,29.264670841759187,95.49337570590365,0
313385.7079822688,197675.4132120212,47.966558478454864,132.65835120457922,0
278668.9967875089,198338.56080384707,77.31080143096916,113.88642727837944,0
297686.9049042999,199671.21187454188,83.58074729603283,100.06808672352118,0
287859.78820982546,215507.68248622163,71.09122193858059,80.12641768948198,0
294875.16406010924,198315.2485501397,45.56818307623234,102.21065986380506,0
302298.04466564336,212508.7294513994,47.966558478454864,97.80352846705219,0
284923.7973893818,211753.33797184617,89.42347481225634,85.61680151173499,0
295720.3388493594,206828.02504464024,50.22116161437271,97.164160200177,0
311571.42727434996,207823.22343744352,89.52709417695266,114.57791569243105,0
