index,raw_Elevation_m,raw_Slope_deg,x_Elevation_m,x_Slope_deg,shap_Elevation_m,shap_Slope_deg,expected_value,shap_sum,shap_abs_sum,y_proba,y_pred,y_true,IsLandslide,Event_Date,Sort_Date,Random_Date,X,Y,County,GlobalID,OBJECTID,Data_Type,Source_Period,MUKEY,MUSYM
2,837.76416015625,2.2059390091000672,837.76416015625,2.2059390091000672,0.06390511102185654,-0.3793905882002758,0.5014854771784235,-0.3154854771784193,0.44329569922213236,0.186,0,0,0,2020-05-22 04:51:09,,2020-05-22 04:51:09,308625.51698581566,220746.64462786613,,,,NonLandslide,2017_2021,1672002.0,DEA
5,830.7734985351562,22.09202823715287,830.7734985351562,22.09202823715287,0.029754790070417526,0.014759732751151949,0.5014854771784235,0.04451452282156947,0.04451452282156947,0.546,1,1,1,2021-08-24 00:00:00,2021-08-24,,291056.044408626,197673.44689506,Buncombe,{B15A2A55-6109-4150-9F55-B80DBEE4969F},115165.0,Landslide,2017_2021,1672007.0,EDF
8,1467.292236328125,36.66775111980665,1467.292236328125,36.66775111980665,-0.12592263463659142,0.5224371574581609,0.5014854771784235,0.39651452282156946,0.6483597920947524,0.898,1,1,1,2005-05-11 00:00:00,2005-05-11,,301676.953400001,221776.3895,Buncombe,{B45EC937-033E-44FC-848D-B68CD783798D},58159.0,Landslide,2005_2010,1671995.0,CXF
9,958.2073364257812,13.093067418708271,958.2073364257812,13.093067418708271,0.019534938410319322,-0.213020415588706,0.5014854771784235,-0.19348547717838666,0.23255535399902533,0.308,0,0,0,2017-05-20 07:49:53,,2017-05-20 07:49:53,300177.2599256228,215329.19244520125,,,,NonLandslide,2017_2021,1671927.0,ACD
11,1079.6439208984375,33.609892522392364,1079.6439208984375,33.609892522392364,0.024976590087968403,0.15353793273364,0.5014854771784235,0.1785145228216084,0.1785145228216084,0.68,1,1,1,2008-02-25 00:00:00,2008-02-25,,267436.547499999,209686.920000002,Buncombe,{735AFDC8-F08A-4B6E-AAF2-E0EB55D26070},59142.0,Landslide,2005_2010,1672192.0,UKF
18,1015.5310668945312,28.40929427109924,1015.5310668945312,28.40929427109924,-0.14887997857085156,0.05339450139246672,0.5014854771784235,-0.09548547717838483,0.20227447996331827,0.406,0,1,1,2008-06-30 00:00:00,2008-06-30,,300827.453599997,233842.304400001,Buncombe,{FF8147D4-30D3-420D-B5B0-06FB2E781C5C},59527.0,Landslide,2005_2010,1672015.0,EWD
27,793.3729858398438,27.11568073144447,793.3729858398438,27.11568073144447,0.16669079711162102,0.1758237257100298,0.5014854771784235,0.34251452282165085,0.34251452282165085,0.844,1,1,1,2008-02-29 00:00:00,2008-02-29,,270053.132299997,213602.258499999,Buncombe,{388DA286-13B8-4428-8477-A2F888F5B5CC},59275.0,Landslide,2005_2010,1672007.0,EDF
30,689.3467407226562,21.455099733065655,689.3467407226562,21.455099733065655,-0.16837249428378614,0.006887017105396961,0.5014854771784235,-0.16148547717838918,0.1752595113891831,0.34,0,0,0,2019-10-28 05:05:43,,2019-10-28 05:05:43,269415.79234918347,219422.4598037967,,,,NonLandslide,2017_2021,1672007.0,EDF
31,796.9114379882812,24.783273527710904,796.9114379882812,24.783273527710904,-0.0705362401081648,-0.22494923707020623,0.5014854771784235,-0.29548547717837104,0.29548547717837104,0.206,0,1,1,2008-04-07 00:00:00,2008-04-07,,293278.329259848,200751.357855296,Buncombe,{B1152BF6-4E10-4CB2-B342-56384D38BF0D},60911.0,Landslide,2005_2010,1672006.0,EDE
33,734.606689453125,17.83362101979865,734.606689453125,17.83362101979865,-0.025011097961732873,0.18152562078334422,0.5014854771784235,0.15651452282161135,0.2065367187450771,0.658,1,1,1,2013-09-16 00:00:00,2013-09-16 00:00:00,,296868.064842677,195664.656992986,Buncombe,{3D73426C-8CEA-4D86-8DB1-DFA860053CDF},61175.0,Landslide,2011_2016,1672082.0,SYE
45,848.4461059570312,30.043719945534093,848.4461059570312,30.043719945534093,0.0186871927199106,0.09182733010168077,0.5014854771784235,0.11051452282159138,0.11051452282159138,0.612,1,1,1,2008-06-25 00:00:00,2008-06-25,,296269.931100003,228713.737500001,Buncombe,{65F254DD-DEDD-47B5-BBEC-723EFAC0917B},59351.0,Landslide,2005_2010,1672096.0,TPE
46,686.3325805664062,1.1973690691675083,686.3325805664062,1.1973690691675083,-0.04662073881428445,-0.2568647383640899,0.5014854771784235,-0.3034854771783744,0.3034854771783744,0.198,0,0,0,2019-09-22 15:11:46,,2019-09-22 15:11:46,290373.91743072,195537.37163446145,,,,NonLandslide,2017_2021,1672107.0,UD
47,655.8912353515625,24.519707847138054,655.8912353515625,24.519707847138054,0.06366949254684147,0.20084503027478473,0.5014854771784235,0.2645145228216262,0.2645145228216262,0.766,1,1,1,2008-01-30 00:00:00,2008-01-30,,277239.877700001,205733.063299999,Buncombe,{D8AC76A9-CCA4-4C37-B3E5-B12362D9E1E9},59258.0,Landslide,2005_2010,1672010.0,EVE2
49,678.8939208984375,1.1184025978741536,678.8939208984375,1.1184025978741536,0.04240819548240062,-0.2238936726607764,0.5014854771784235,-0.18148547717837576,0.266301868143177,0.32,0,0,0,2018-11-27 08:43:46,,2018-11-27 08:43:46,289445.13043963205,196675.93731940584,,,,NonLandslide,2017_2021,1672109.0,UHE
59,875.4669799804688,24.03769968275571,875.4669799804688,24.03769968275571,-0.06518218095902274,-0.06030329621938106,0.5014854771784235,-0.1254854771784038,0.1254854771784038,0.376,0,1,1,2008-07-21 00:00:00,2008-07-21,,301288.633400001,230783.271600001,Buncombe,{CAB65C5E-B6FE-4B3E-AB3E-F394BA1F76CA},60606.0,Landslide,2005_2010,1672007.0,EDF
60,667.1865234375,28.511202003396004,667.1865234375,28.511202003396004,-0.0012705278085298167,0.2757850506301372,0.5014854771784235,0.2745145228216074,0.277055578438667,0.776,1,1,1,2005-02-25 00:00:00,2005-02-25,,298048.144599997,209361.830200002,Buncombe,{AB483B6E-606A-48A2-882A-CCF3DBC6BB8F},57949.0,Landslide,2005_2010,1672016.0,EWE
61,874.6488647460938,16.03660183422642,874.6488647460938,16.03660183422642,0.04450029035370282,-0.10598576753209896,0.5014854771784235,-0.061485477178396135,0.15048605788580177,0.44,0,1,1,2008-05-28 00:00:00,2008-05-28,,294042.049999997,218357.054099999,Buncombe,{6821E828-7794-4160-83A0-F81853647AC7},59448.0,Landslide,2005_2010,1672095.0,TPD
68,911.0025634765624,5.459384999926045,911.0025634765624,5.459384999926045,-0.007672413195143966,-0.33781306398327426,0.5014854771784235,-0.3454854771784182,0.3454854771784182,0.156,0,1,1,2006-06-18 00:00:00,2006-06-18,,291240.65898107,198094.557280201,Buncombe,{8A608E92-6EF5-4495-8C42-5D566C809CCB},61413.0,Landslide,2005_2010,1672005.0,EDD
74,647.31591796875,12.17165515296023,647.31591796875,12.17165515296023,-0.06371316868142249,-0.16777230849695246,0.5014854771784235,-0.23148547717837495,0.23148547717837495,0.27,0,0,0,2020-11-09 01:59:44,,2020-11-09 01:59:44,293530.7175218664,208372.6564577353,,,,NonLandslide,2017_2021,1672010.0,EVE2
87,767.0282592773438,24.542788464014436,767.0282592773438,24.542788464014436,-0.06213227659392325,-0.20935320058445664,0.5014854771784235,-0.2714854771783799,0.2714854771783799,0.23,0,1,1,2008-10-15 00:00:00,2008-10-15,,315217.255199999,198839.6877,Buncombe,{2D19FBA9-97A8-4642-AF94-BB1E65602E50},60612.0,Landslide,2005_2010,1672095.0,TPD
91,896.8770141601562,22.74724924488898,896.8770141601562,22.74724924488898,-0.015553098650755652,-0.04193237852766739,0.5014854771784235,-0.05748547717842304,0.05748547717842304,0.444,0,0,0,2020-03-21 01:17:32,,2020-03-21 01:17:32,304326.3520483367,208759.80389638757,,,,NonLandslide,2017_2021,1672005.0,EDD
92,887.0120849609375,26.416583975505898,887.0120849609375,26.416583975505898,0.0784053039293177,0.20010921889231442,0.5014854771784235,0.27851452282163214,0.27851452282163214,0.78,1,1,1,2004-09-16 17:00:00,2004-09-16 17:00:00,,270712.609702996,195163.949986,Buncombe,{DE41599D-A3EF-4028-B2AF-C15A6D5E0834},58079.0,Landslide,1980_2021,1672006.0,EDE
93,611.1830444335938,16.317222834263305,611.1830444335938,16.317222834263305,-0.06191225968542842,-0.11957321749296572,0.5014854771784235,-0.18148547717839414,0.18148547717839414,0.32,0,1,1,2021-10-08 00:00:00,2021-10-08,,285378.175106226,210101.916417347,Buncombe,{33993078-EDBD-46F6-AAE5-CB538C092EA5},116435.0,Landslide,2017_2021,1672108.0,UFB
97,720.593505859375,36.88973471058946,720.593505859375,36.88973471058946,-0.08163622840308599,0.4161507512246594,0.5014854771784235,0.3345145228215734,0.4977869796277454,0.836,1,1,1,1990-06-05 00:00:00,1990-06-05 00:00:00,,318626.112300001,202637.203299999,Buncombe,{8AE25A50-98BA-41CA-943A-113608FFEBA1},57942.0,Landslide,1980_2021,1672006.0,EDE
101,690.118408203125,23.89996553237043,690.118408203125,23.89996553237043,0.08491093209112954,0.22160359073050306,0.5014854771784235,0.3065145228216326,0.3065145228216326,0.808,1,1,1,2008-09-25 00:00:00,2008-09-25,,292607.376900002,221308.852899998,Buncombe,{682DD932-259B-420D-A390-4EFAB5F10AC0},59191.0,Landslide,2005_2010,1672009.0,EVD2
104,646.42431640625,32.197678617648506,646.42431640625,32.197678617648506,0.03249148502185606,0.41002303779970034,0.5014854771784235,0.4425145228215564,0.4425145228215564,0.944,1,1,1,2005-07-07 00:00:00,2005-07-07,,314129.586978264,200111.68468841,Buncombe,{430B4290-D951-4EAF-B303-7C61D2E7C4FD},58216.0,Landslide,2005_2010,1672007.0,EDF
107,764.9298095703125,16.757613940203484,764.9298095703125,16.757613940203484,0.2764075348156442,0.08210698800597568,0.5014854771784235,0.3585145228216199,0.3585145228216199,0.86,1,1,1,2021-08-24 00:00:00,2021-08-24,,290848.75334404,197346.177101562,Buncombe,{C5228436-BFC0-4FFA-AE14-F25381FCE6A3},115161.0,Landslide,2017_2021,1672010.0,EVE2
109,685.203125,6.558339185680442,685.203125,6.558339185680442,-0.14738240912644437,-0.32610306805193984,0.5014854771784235,-0.4734854771783842,0.4734854771783842,0.028,0,0,0,2019-07-12 17:33:13,,2019-07-12 17:33:13,282274.29914903303,202645.29086470412,,,,NonLandslide,2017_2021,1672015.0,EWD
111,704.6412963867188,19.16394923917055,704.6412963867188,19.16394923917055,0.039667247220986634,0.24284727560063568,0.5014854771784235,0.2825145228216223,0.2825145228216223,0.784,1,0,0,2020-09-06 07:50:24,,2020-09-06 07:50:24,290576.17151655944,228899.28535399152,,,,NonLandslide,2017_2021,1672009.0,EVD2
112,757.952392578125,25.463013324836925,757.952392578125,25.463013324836925,0.04444854616391378,-0.049934023342328056,0.5014854771784235,-0.005485477178414279,0.09438256950624183,0.496,0,0,0,2021-04-07 11:03:16,,2021-04-07 11:03:16,274132.6102465806,209309.9875876233,,,,NonLandslide,2017_2021,1672016.0,EWE
114,829.8534545898438,33.35032196400792,829.8534545898438,33.35032196400792,0.02828372700534706,0.2402307958162703,0.5014854771784235,0.26851452282161736,0.26851452282161736,0.77,1,0,0,2020-10-18 19:35:43,,2020-10-18 19:35:43,265954.62234147824,221524.94592675348,,,,NonLandslide,2017_2021,1671929.0,ARF
115,1255.7239990234375,30.18177415002718,1255.7239990234375,30.18177415002718,-0.2801262693324918,0.014640792154092303,0.5014854771784235,-0.2654854771783995,0.2947670614865841,0.236,0,0,0,2020-01-27 17:21:21,,2020-01-27 17:21:21,310667.7847360951,222966.00418063693,,,,NonLandslide,2017_2021,1672096.0,TPE
116,745.2557983398438,5.650405622669232,745.2557983398438,5.650405622669232,0.01895461143016276,-0.28444008860856174,0.5014854771784235,-0.265485477178399,0.3033947000387245,0.236,0,0,0,2018-10-10 00:14:14,,2018-10-10 00:14:14,306327.5361796352,215167.30813653697,,,,NonLandslide,2017_2021,1671987.0,CKC2
121,630.358642578125,22.397981673367912,630.358642578125,22.397981673367912,-0.005223144885746011,0.15373766770735178,0.5014854771784235,0.14851452282160577,0.1589608125930978,0.65,1,1,1,1990-06-05 00:00:00,1990-06-05 00:00:00,,313235.048199996,200493.546500001,Buncombe,{53F2193A-86AB-425C-8691-9D2CD74BE308},58191.0,Landslide,1980_2021,1672007.0,EDF
123,795.4635009765625,23.18258822400266,795.4635009765625,23.18258822400266,0.021493166643884128,-0.030978643822314113,0.5014854771784235,-0.009485477178429985,0.05247181046619824,0.492,0,0,0,2019-05-31 04:53:25,,2019-05-31 04:53:25,269570.02133800293,203766.5488906611,,,,NonLandslide,2017_2021,1672017.0,EWF
154,872.1277465820312,27.78874288968696,872.1277465820312,27.78874288968696,0.14530174910039884,0.3012127737212254,0.5014854771784235,0.44651452282162424,0.44651452282162424,0.948,1,0,0,2021-11-04 17:55:31,,2021-11-04 17:55:31,269359.3849993473,196829.460223544,,,,NonLandslide,2017_2021,1672006.0,EDE
174,1039.6004638671875,21.040715786656495,1039.6004638671875,21.040715786656495,0.21186065194062811,0.13265387088101813,0.5014854771784235,0.34451452282164624,0.34451452282164624,0.846,1,1,1,2008-04-17 00:00:00,2008-04-17,,295265.719400004,203206.709199999,Buncombe,{BBA53249-2C0C-4674-B019-1F48342106B2},60915.0,Landslide,2005_2010,1671929.0,ARF
176,899.9351196289062,21.93236667968026,899.9351196289062,21.93236667968026,-0.06418116024013759,0.06269568306173658,0.5014854771784235,-0.0014854771784010151,0.12687684330187415,0.5,0,0,0,2019-10-08 06:46:39,,2019-10-08 06:46:39,311253.54540926864,205636.68506329157,,,,NonLandslide,2017_2021,1672082.0,SYE
177,1320.08837890625,31.51396070916853,1320.08837890625,31.51396070916853,-0.432885707742677,0.0794002305642429,0.5014854771784235,-0.3534854771784341,0.5122859383069199,0.148,0,1,1,2004-09-06 17:00:00,2004-09-06 17:00:00,,304674.343955282,224619.214791408,Buncombe,{ECC25666-BB80-4186-BF06-F10D94AF7C4F},60789.0,Landslide,1980_2021,1672192.0,UKF
179,882.8399658203125,34.76964408873911,882.8399658203125,34.76964408873911,0.15835593516173346,0.2881585876599006,0.5014854771784235,0.44651452282163406,0.44651452282163406,0.948,1,1,1,2014-10-28 00:00:00,2014-10-28 00:00:00,,288147.520167142,217764.642080676,Buncombe,{0C6F130D-0ADA-425C-8E8F-B096F10A8DF0},61243.0,Landslide,2011_2016,1672015.0,EWD
188,1605.3006591796875,10.887457641590151,1605.3006591796875,10.887457641590151,0.08583841470943414,-0.31332389188782434,0.5014854771784235,-0.22748547717839018,0.3991623065972585,0.274,0,0,0,2017-05-25 12:50:46,,2017-05-25 12:50:46,307420.7594237299,228549.31194607177,,,,NonLandslide,2017_2021,1672212.0,WRE
190,611.082275390625,23.676724629399448,611.082275390625,23.676724629399448,0.1626543670904381,0.2938601557311931,0.5014854771784235,0.4565145228216312,0.4565145228216312,0.958,1,0,0,2019-03-12 22:52:32,,2019-03-12 22:52:32,283780.0800445007,217134.0081634361,,,,NonLandslide,2017_2021,1672010.0,EVE2
193,924.6348876953124,36.06355657211096,924.6348876953124,36.06355657211096,-0.014261418830840679,0.3827759416524042,0.5014854771784235,0.3685145228215635,0.3970373604832449,0.87,1,1,1,2008-10-30 00:00:00,2008-10-30,,270295.457400002,209747.645,Buncombe,{250DD2EF-27D3-411F-853B-C6FBDFD3749A},58781.0,Landslide,2005_2010,1672006.0,EDE
196,703.7017211914062,1.0603053264823576,703.7017211914062,1.0603053264823576,0.05030045569213584,-0.25778593287050305,0.5014854771784235,-0.2074854771783672,0.3080863885626389,0.294,0,0,0,2020-12-07 01:37:36,,2020-12-07 01:37:36,299059.3642533368,231153.7694129588,,,,NonLandslide,2017_2021,1672027.0,FRA
208,762.1209716796875,15.56078745928353,762.1209716796875,15.56078745928353,0.1964103527378349,-0.06789582991620323,0.5014854771784235,0.12851452282163167,0.2643061826540381,0.63,1,1,1,2013-07-02 00:00:00,2013-07-02 00:00:00,,280634.130680968,212007.546965286,Buncombe,{5078FB7E-A157-4488-98DE-D5BB72E77F22},61342.0,Landslide,2011_2016,1672016.0,EWE
214,868.157958984375,18.214019567054866,868.157958984375,18.214019567054866,-0.0037722090646937537,-0.12971326811370082,0.5014854771784235,-0.13348547717839457,0.13348547717839457,0.368,0,1,1,2008-09-12 00:00:00,2008-09-12,,289431.754600003,217625.019200001,Buncombe,{EBE86D25-4D58-4E8D-9246-064698439AE1},60598.0,Landslide,2005_2010,1672016.0,EWE
216,638.5004272460938,2.877825602422624,638.5004272460938,2.877825602422624,-0.11821177509584892,-0.33327370208254176,0.5014854771784235,-0.45148547717839066,0.45148547717839066,0.05,0,0,0,2019-05-07 22:32:40,,2019-05-07 22:32:40,287855.1961629901,194376.6811604608,,,,NonLandslide,2017_2021,1672107.0,UD
224,680.9373779296875,6.400062153283302,680.9373779296875,6.400062153283302,-0.10075298353495855,-0.304732493643423,0.5014854771784235,-0.4054854771783815,0.4054854771783815,0.096,0,0,0,2018-11-01 02:56:54,,2018-11-01 02:56:54,289565.7030422309,228141.9769110301,,,,NonLandslide,2017_2021,1672087.0,TAD
227,726.771240234375,19.20144056503341,726.771240234375,19.20144056503341,-0.021076887432234976,0.215591410253849,0.5014854771784235,0.19451452282161402,0.236668297686084,0.696,1,0,0,2018-07-31 03:19:01,,2018-07-31 03:19:01,288964.15693009633,210358.52904694265,,,,NonLandslide,2017_2021,1672007.0,EDF
229,1064.9942626953125,19.56964386235314,1064.9942626953125,19.56964386235314,-0.0029240217044506677,0.03143854452602547,0.5014854771784235,0.028514522821574805,0.03436256623047614,0.53,1,0,0,2017-11-08 07:58:19,,2017-11-08 07:58:19,292112.39535593806,224545.29351429225,,,,NonLandslide,2017_2021,1672065.0,PWE
237,770.5858764648438,19.149459132909577,770.5858764648438,19.149459132909577,0.2097406430181521,0.1867738798035047,0.5014854771784235,0.3965145228216568,0.3965145228216568,0.898,1,1,1,2014-09-08 00:00:00,2014-09-08 00:00:00,,290811.318942589,197392.759144607,Buncombe,{2416CCE1-45F4-413F-BB91-E7253FB85D11},61239.0,Landslide,2011_2016,1672010.0,EVE2
239,797.159912109375,6.822472520281894,797.159912109375,6.822472520281894,0.14537899980105565,-0.33886447697944394,0.5014854771784235,-0.1934854771783883,0.4842434767804996,0.308,0,1,1,2019-01-17 00:00:00,2019-01-17,,306762.921053431,212977.261082992,Buncombe,{00492D3C-3555-46BD-84C6-B835B8384628},61548.0,Landslide,2017_2021,1672007.0,EDF
252,870.1569213867188,39.53247326922718,870.1569213867188,39.53247326922718,0.08063035203459333,0.411884170786982,0.5014854771784235,0.4925145228215753,0.4925145228215753,0.994,1,1,1,2008-05-12 00:00:00,2008-05-12,,300517.986400001,205113.4815,Buncombe,{784A459F-48C5-436E-924D-A0C219B9612B},59344.0,Landslide,2005_2010,1672007.0,EDF
262,860.5573120117188,24.175693685899695,860.5573120117188,24.175693685899695,0.09342459247782257,-0.004910069656223326,0.5014854771784235,0.08851452282159925,0.0983346621340459,0.59,1,0,0,2021-01-15 19:20:26,,2021-01-15 19:20:26,270355.9807887423,208204.06630976283,,,,NonLandslide,2017_2021,1672007.0,EDF
273,1292.873779296875,30.78052832246012,1292.873779296875,30.78052832246012,-0.37241239241856805,-0.06107308475985349,0.5014854771784235,-0.43348547717842156,0.43348547717842156,0.068,0,1,1,2004-09-06 17:00:00,2004-09-06 17:00:00,,304250.813600004,223190.075199999,Buncombe,{64A09BAB-EA4F-49A2-BC4F-93FC01F8743B},58116.0,Landslide,1980_2021,1671931.0,BAE
279,825.2802734375,24.673091219257195,825.2802734375,24.673091219257195,0.053879627027823764,-0.12736510420621727,0.5014854771784235,-0.07348547717839352,0.18124473123404103,0.428,0,0,0,2021-06-14 16:42:39,,2021-06-14 16:42:39,297382.01103578776,232001.91005731377,,,,NonLandslide,2017_2021,1672066.0,PXF
283,796.04345703125,15.004805357652478,796.04345703125,15.004805357652478,0.23380270921602475,-0.09328818639438152,0.5014854771784235,0.14051452282164323,0.3270908956104063,0.642,1,0,0,2021-06-09 09:34:30,,2021-06-09 09:34:30,300195.4524689377,204855.04798150068,,,,NonLandslide,2017_2021,1672007.0,EDF
284,848.6417846679688,29.645237962018225,848.6417846679688,29.645237962018225,0.03404220078470858,0.07247232203688325,0.5014854771784235,0.10651452282159182,0.10651452282159182,0.608,1,0,0,2019-03-09 00:13:17,,2019-03-09 00:13:17,274460.87657231826,213216.70915068057,,,,NonLandslide,2017_2021,1672017.0,EWF
287,880.015869140625,26.342015331893492,880.015869140625,26.342015331893492,0.10903163296961137,0.25748288985202444,0.5014854771784235,0.3665145228216358,0.3665145228216358,0.868,1,1,1,2008-10-22 00:00:00,2008-10-22,,312896.266000003,204623.284699999,Buncombe,{EB074877-BE10-4A0C-91EF-E04957FD0105},60619.0,Landslide,2005_2010,1672006.0,EDE
288,1780.9967041015625,39.66839802389351,1780.9967041015625,39.66839802389351,0.05045158980672742,0.42406293301483505,0.5014854771784235,0.4745145228215625,0.4745145228215625,0.976,1,1,1,2004-05-12 00:00:00,2004-05-12 00:00:00,,309903.8178,224923.396499999,Buncombe,{6F97B6F9-0657-4E45-9D55-259520BB2965},57879.0,Landslide,1980_2021,1671975.0,BXF
290,802.3895874023438,28.60907335847452,802.3895874023438,28.60907335847452,0.22798858443896614,0.22852593838269775,0.5014854771784235,0.4565145228216639,0.4565145228216639,0.958,1,1,1,2014-10-16 00:00:00,2014-10-16 00:00:00,,310560.06209074,215001.945029316,Buncombe,{AE6FA000-C7C3-4744-92D7-0E764FBDE15F},61241.0,Landslide,2011_2016,1672096.0,TPE
292,817.2256469726562,19.37176194020281,817.2256469726562,19.37176194020281,0.18167227815962408,0.17684224466202422,0.5014854771784235,0.3585145228216483,0.3585145228216483,0.86,1,1,1,2008-10-29 00:00:00,2008-10-29,,309325.902800001,209349.170499999,Buncombe,{417BB890-09DD-40D8-AEFF-525B99D5FA1F},58775.0,Landslide,2005_2010,1672095.0,TPD
295,900.2361450195312,29.431909438576746,900.2361450195312,29.431909438576746,0.023442288153947447,0.209072234667665,0.5014854771784235,0.23251452282161245,0.23251452282161245,0.734,1,1,1,2008-12-18 00:00:00,2008-12-18,,302944.310900003,231811.638799999,Buncombe,{A006AA0A-6B85-40BF-82B0-8DF8E5EEBC45},59241.0,Landslide,2005_2010,1672006.0,EDE
304,918.0001831054688,31.70901580976673,918.0001831054688,31.70901580976673,-0.05375134348130737,0.24426586630293684,0.5014854771784235,0.19051452282162948,0.29801720978424423,0.692,1,1,1,2004-09-16 17:00:00,2004-09-16 17:00:00,,277020.884599999,210096.255199999,Buncombe,{1CC71DDD-A855-4EDB-A384-94990F1FB650},58071.0,Landslide,1980_2021,1672016.0,EWE
307,707.4121704101562,13.296308681378203,707.4121704101562,13.296308681378203,-0.1510367673678586,-0.2584487098104895,0.5014854771784235,-0.4094854771783481,0.4094854771783481,0.092,0,0,0,2017-06-14 08:05:46,,2017-06-14 08:05:46,277286.2135028819,207969.38373031624,,,,NonLandslide,2017_2021,1672016.0,EWE
314,1234.2890625,36.33007401526415,1234.2890625,36.33007401526415,-0.10055631275338066,0.45707083557494926,0.5014854771784235,0.3565145228215686,0.5576271483283299,0.858,1,0,0,2019-04-01 02:02:01,,2019-04-01 02:02:01,267400.3094400747,210428.91915119064,,,,NonLandslide,2017_2021,1672006.0,EDE
317,664.1368408203125,5.1329254953470205,664.1368408203125,5.1329254953470205,-0.09514285209117289,-0.4023426250872429,0.5014854771784235,-0.4974854771784158,0.4974854771784158,0.004,0,0,0,2021-02-08 13:20:27,,2021-02-08 13:20:27,292944.23445740616,207788.4155586159,,,,NonLandslide,2017_2021,1671992.0,CUB
329,724.8804321289062,12.940370603811155,724.8804321289062,12.940370603811155,-0.1534112436357209,-0.23807423354262397,0.5014854771784235,-0.39148547717834487,0.39148547717834487,0.11,0,0,0,2017-02-11 14:48:34,,2017-02-11 14:48:34,300662.0013749176,204342.23896262108,,,,NonLandslide,2017_2021,1672010.0,EVE2
330,758.3124389648438,24.176661252126276,758.3124389648438,24.176661252126276,-0.029869441679352935,-0.14961603549904495,0.5014854771784235,-0.17948547717839788,0.17948547717839788,0.322,0,1,1,1990-05-23 00:00:00,1990-05-23 00:00:00,,309170.0044,211623.693799999,Buncombe,{A2FAA910-F4AC-4EFB-8B85-F1FA703FB312},58183.0,Landslide,1980_2021,1672109.0,UHE
331,624.150634765625,26.721707142516944,624.150634765625,26.721707142516944,-0.13410090641023092,0.12861542923186303,0.5014854771784235,-0.005485477178367892,0.26271633564209396,0.496,0,0,0,2017-11-01 17:24:49,,2017-11-01 17:24:49,286338.8924671991,220787.7003448659,,,,NonLandslide,2017_2021,1672010.0,EVE2
333,670.2225952148438,18.864846089141295,670.2225952148438,18.864846089141295,-0.13917181280217303,0.09368633562379523,0.5014854771784235,-0.045485477178377795,0.23285814842596825,0.456,0,1,1,2008-03-03 00:00:00,2008-03-03,,271979.346500002,212448.032200001,Buncombe,{8DA6C50C-9C32-4F82-8158-19E5D98B544C},59282.0,Landslide,2005_2010,1672010.0,EVE2
334,790.41796875,24.47646867161288,790.41796875,24.47646867161288,-0.1275843536039292,-0.24590112357442426,0.5014854771784235,-0.37348547717835345,0.37348547717835345,0.128,0,1,1,2013-07-04 06:00:00,2013-07-04 06:00:00,,289198.416981483,213476.88681042,Buncombe,{605C59E4-86E7-4202-A8A5-E1D22F4E2138},61201.0,Landslide,2011_2016,1672006.0,EDE
337,1007.3225708007812,31.553586668389396,1007.3225708007812,31.553586668389396,-0.2091141156045254,0.053628638426151,0.5014854771784235,-0.15548547717837438,0.2627427540306764,0.346,0,1,1,2004-09-16 17:00:00,2004-09-16 17:00:00,,269363.5198,194740.923099998,Buncombe,{9DB0B13D-6396-4497-A084-D831B2577FE6},59143.0,Landslide,1980_2021,1672066.0,PXF
341,796.6815795898438,30.221935452398284,796.6815795898438,30.221935452398284,0.1301234854241907,0.09439103739743741,0.5014854771784235,0.2245145228216281,0.2245145228216281,0.726,1,1,1,2014-10-16 00:00:00,2014-10-16 00:00:00,,310539.275415073,214996.970440267,Buncombe,{F8B16AAF-E752-43B2-A2E9-937305EA656E},61242.0,Landslide,2011_2016,1672096.0,TPE
342,652.814697265625,15.950670821222811,652.814697265625,15.950670821222811,-0.17007750471681543,-0.16940797246153666,0.5014854771784235,-0.3394854771783521,0.3394854771783521,0.162,0,0,0,2021-02-16 23:35:10,,2021-02-16 23:35:10,274434.9566113146,218518.15047214457,,,,NonLandslide,2017_2021,1671984.0,CKD2
349,678.8069458007812,5.15562695095643,678.8069458007812,5.15562695095643,-0.025699672216470428,-0.33378580496195376,0.5014854771784235,-0.35948547717842416,0.35948547717842416,0.142,0,0,0,2020-12-19 02:33:56,,2020-12-19 02:33:56,295472.7389426399,197234.64646989873,,,,NonLandslide,2017_2021,1672085.0,TAC
351,794.6102294921875,26.273708374446027,794.6102294921875,26.273708374446027,0.1559718490740155,0.2505426737476392,0.5014854771784235,0.40651452282165473,0.40651452282165473,0.908,1,1,1,2008-08-20 00:00:00,2008-08-20,,270001.5929,213416.250599999,Buncombe,{5D47C727-F3CF-4B50-AFAE-D6F0E1970229},59242.0,Landslide,2005_2010,1672006.0,EDE
356,670.5162963867188,6.257018234566741,670.5162963867188,6.257018234566741,-0.11592251190313764,-0.3775629652752679,0.5014854771784235,-0.4934854771784055,0.4934854771784055,0.008,0,0,0,2020-10-21 01:55:08,,2020-10-21 01:55:08,294611.1845791601,210389.21022478509,,,,NonLandslide,2017_2021,1671991.0,CUD
368,722.1024169921875,32.55363824415285,722.1024169921875,32.55363824415285,-0.021884005074080844,0.3663985278956484,0.5014854771784235,0.3445145228215676,0.38828253296972925,0.846,1,1,1,2007-04-03 00:00:00,2007-04-03,,314992.579800002,200039.581799999,Buncombe,{D06E3DF3-FB58-4414-BC60-26FDD6DDB478},59133.0,Landslide,2005_2010,1672006.0,EDE
373,755.9140014648438,33.84215713135572,755.9140014648438,33.84215713135572,0.11379058122421969,0.27072394159741314,0.5014854771784235,0.38451452282163284,0.38451452282163284,0.886,1,1,1,2008-02-29 00:00:00,2008-02-29,,269967.997299999,213194.149700001,Buncombe,{FF46422A-956C-4778-8B59-78706535037F},58203.0,Landslide,2005_2010,1672007.0,EDF
374,951.2581176757812,16.486059329297305,951.2581176757812,16.486059329297305,0.0443202897128974,-0.09980576689129883,0.5014854771784235,-0.05548547717840143,0.14412605660419622,0.446,0,1,1,2008-06-30 00:00:00,2008-06-30,,300484.553300001,233787.068399999,Buncombe,{01504657-3D84-47CA-9E99-240B6418D800},59526.0,Landslide,2005_2010,1672009.0,EVD2
381,1230.0377197265625,29.52224543375605,1230.0377197265625,29.52224543375605,-0.2897809655417197,0.046295488363325775,0.5014854771784235,-0.24348547717839394,0.3360764539050455,0.258,0,0,0,2019-10-10 14:32:17,,2019-10-10 14:32:17,297904.6456346985,218171.543490611,,,,NonLandslide,2017_2021,1672069.0,RKF
382,616.5537109375,0.0,616.5537109375,0.0,-0.08234007839083696,-0.4111453987875849,0.5014854771784235,-0.49348547717842184,0.49348547717842184,0.008,0,0,0,2021-08-02 17:09:48,,2021-08-02 17:09:48,287308.5707679151,203496.40727298308,,,,NonLandslide,2017_2021,1672204.0,W
383,646.1723022460938,1.073006427627071,646.1723022460938,1.073006427627071,-0.08548498135002237,-0.3660004958283897,0.5014854771784235,-0.4514854771784121,0.4514854771784121,0.05,0,0,0,2021-07-11 14:27:59,,2021-07-11 14:27:59,296768.4878471714,196040.35364425677,,,,NonLandslide,2017_2021,1672029.0,HPA
385,620.1300659179688,9.595540330058114,620.1300659179688,9.595540330058114,-0.05242513139174217,-0.4050603457866872,0.5014854771784235,-0.45748547717842936,0.45748547717842936,0.044,0,0,0,2021-11-29 11:56:29,,2021-11-29 11:56:29,279930.5280857175,220779.47458048348,,,,NonLandslide,2017_2021,1671984.0,CKD2
386,932.273193359375,27.536287603222966,932.273193359375,27.536287603222966,-0.16261977759958487,0.08513430042121505,0.5014854771784235,-0.07748547717836983,0.2477540780207999,0.424,0,0,0,2020-09-18 15:51:53,,2020-09-18 15:51:53,264339.8298097158,217090.9862981884,,,,NonLandslide,2017_2021,1672006.0,EDE
400,921.1915283203124,19.381729653587374,921.1915283203124,19.381729653587374,-0.013845080223134097,0.16235960304474406,0.5014854771784235,0.14851452282160996,0.17620468326787816,0.65,1,0,0,2018-04-26 22:23:20,,2018-04-26 22:23:20,267908.5153880177,198623.27875369217,,,,NonLandslide,2017_2021,1672006.0,EDE
407,688.6243896484375,2.463692977844099,688.6243896484375,2.463692977844099,0.03452272599758218,-0.056008203176000304,0.5014854771784235,-0.021485477178418123,0.09053092917358249,0.48,0,0,0,2017-04-17 09:39:36,,2017-04-17 09:39:36,290221.95105920447,195487.50090524252,,,,NonLandslide,2017_2021,1672084.0,TAB
420,689.4432373046875,11.899779470560208,689.4432373046875,11.899779470560208,-0.09293960709960054,-0.14254587007876934,0.5014854771784235,-0.23548547717836987,0.23548547717836987,0.266,0,0,0,2021-05-16 01:49:02,,2021-05-16 01:49:02,289813.26119848224,203576.14951895553,,,,NonLandslide,2017_2021,1672199.0,UX
428,1072.8780517578125,18.55131343019147,1072.8780517578125,18.55131343019147,-0.07830968329688766,-0.17717579388148147,0.5014854771784235,-0.2554854771783691,0.2554854771783691,0.246,0,0,0,2021-11-01 16:55:34,,2021-11-01 16:55:34,267151.70780258504,211174.89333103248,,,,NonLandslide,2017_2021,1672066.0,PXF
432,637.06103515625,15.643897878141274,637.06103515625,15.643897878141274,-0.21098520947435118,-0.2285002677039855,0.5014854771784235,-0.43948547717833664,0.43948547717833664,0.062,0,0,0,2018-09-05 10:33:50,,2018-09-05 10:33:50,283022.50606241456,223149.1319670389,,,,NonLandslide,2017_2021,1672010.0,EVE2
444,662.23486328125,21.831907533779063,662.23486328125,21.831907533779063,-0.04639237299348009,0.16490689581509516,0.5014854771784235,0.11851452282161506,0.21129926880857525,0.62,1,0,0,2020-10-14 09:58:11,,2020-10-14 09:58:11,273501.8831451801,216031.76617342135,,,,NonLandslide,2017_2021,1672010.0,EVE2
447,932.5137939453124,19.57520152980216,932.5137939453124,19.57520152980216,-0.05593123180744195,0.19844575462906452,0.5014854771784235,0.14251452282162258,0.25437698643650647,0.644,1,1,1,2004-09-16 17:00:00,2004-09-16 17:00:00,,276977.151799999,209919.138999999,Buncombe,{BC9C311A-753E-4DEB-A5C9-F197FF1939FC},58072.0,Landslide,1980_2021,1672007.0,EDF
450,1134.029052734375,1.1467840423892388,1134.029052734375,1.1467840423892388,-0.007847299829733523,-0.3796381773487012,0.5014854771784235,-0.38748547717843473,0.38748547717843473,0.114,0,1,1,2011-02-21 00:00:00,2011-02-21 00:00:00,,267626.133400001,210050.288600001,Buncombe,{D877E75A-6F14-45A7-BB24-A5BF1FB84CCA},59140.0,Landslide,2011_2016,1672107.0,UD
454,636.4882202148438,11.346623191358256,636.4882202148438,11.346623191358256,-0.04814295311146202,-0.1813425240669175,0.5014854771784235,-0.22948547717837953,0.22948547717837953,0.272,0,1,1,1990-08-30 00:00:00,1990-08-30 00:00:00,,275079.193000004,225903.812899999,Buncombe,{A5FB6A55-515C-4B25-A69B-72A25DEC94A6},58193.0,Landslide,1980_2021,1671984.0,CKD2
464,671.8372802734375,45.67970519687377,671.8372802734375,45.67970519687377,-0.12075934163392849,0.4792738644554981,0.5014854771784235,0.3585145228215696,0.6000332060894266,0.86,1,1,1,2007-04-03 00:00:00,2007-04-03,,314558.276699997,200877.293299999,Buncombe,{5F7E40A3-0E99-4372-9B56-C58E7A4600C7},59132.0,Landslide,2005_2010,1671928.0,ARE
471,664.5400390625,19.044433303365068,664.5400390625,19.044433303365068,-0.10824427564877889,0.15075879847041018,0.5014854771784235,0.04251452282163129,0.2590030741191891,0.544,1,0,0,2019-06-27 15:03:26,,2019-06-27 15:03:26,312999.56119531137,197893.38862871003,,,,NonLandslide,2017_2021,1672095.0,TPD
484,1014.1290283203124,32.953208016575886,1014.1290283203124,32.953208016575886,-0.1530749383819346,0.1615894612035807,0.5014854771784235,0.008514522821646109,0.3146643995855153,0.51,1,0,0,2019-09-25 21:59:01,,2019-09-25 21:59:01,272580.6472471593,195834.74316368692,,,,NonLandslide,2017_2021,1671929.0,ARF
486,1249.61962890625,18.284948464645424,1249.61962890625,18.284948464645424,-0.28779415798770464,-0.13569131919066424,0.5014854771784235,-0.4234854771783689,0.4234854771783689,0.078,0,0,0,2021-09-26 14:38:17,,2021-09-26 14:38:17,306242.4195526956,226595.8659452457,,,,NonLandslide,2017_2021,1672064.0,PWD
492,1082.2642822265625,23.39603376758594,1082.2642822265625,23.39603376758594,0.032783846521214556,0.11373067630038507,0.5014854771784235,0.14651452282159963,0.14651452282159963,0.648,1,1,1,2008-10-07 00:00:00,2008-10-07,,292623.145099998,224534.864300001,Buncombe,{C59A90E1-7B47-42BB-89BD-0EBF971D7A7F},58791.0,Landslide,2005_2010,1672066.0,PXF
494,813.6294555664062,20.414816142381863,813.6294555664062,20.414816142381863,0.24006819309748398,0.1284463297241643,0.5014854771784235,0.3685145228216483,0.3685145228216483,0.87,1,1,1,2008-05-02 00:00:00,2008-05-02,,297318.707000002,205040.496599998,Buncombe,{B3132718-1DF6-41CD-8E45-7AA4C7CAB50D},59342.0,Landslide,2005_2010,1672016.0,EWE
501,1057.58837890625,30.238224594371538,1057.58837890625,30.238224594371538,0.19547155754683296,0.1490429652748153,0.5014854771784235,0.3445145228216483,0.3445145228216483,0.846,1,1,1,2004-09-06 17:00:00,2004-09-06 17:00:00,,266672.014899999,199768.924600001,Buncombe,{9E5FCCDA-3131-4DF6-B49F-13EB173B9386},59283.0,Landslide,1980_2021,1672007.0,EDF
506,792.5167846679688,31.176696748086744,792.5167846679688,31.176696748086744,0.14501769090792493,0.29549683191370485,0.5014854771784235,0.4405145228216298,0.4405145228216298,0.942,1,1,1,2008-02-29 00:00:00,2008-02-29,,270050.686300002,213667.075199999,Buncombe,{B6531ABA-68AF-4DEB-983B-BC2F5DB7BC3E},59276.0,Landslide,2005_2010,1672007.0,EDF
509,657.1564331054688,1.5311713051192777,657.1564331054688,1.5311713051192777,-0.12372857255562056,-0.36775690462278215,0.5014854771784235,-0.49148547717840274,0.49148547717840274,0.01,0,0,0,2018-08-09 05:45:34,,2018-08-09 05:45:34,290022.73389131064,219784.79443995457,,,,NonLandslide,2017_2021,1672027.0,FRA
511,753.6011352539062,13.844691777447542,753.6011352539062,13.844691777447542,0.12625861942744848,-0.04574409660583975,0.5014854771784235,0.08051452282160873,0.17200271603328823,0.582,1,0,0,2019-05-10 18:00:49,,2019-05-10 18:00:49,294496.6340422133,219322.92251301857,,,,NonLandslide,2017_2021,1672094.0,TOC
514,655.6192626953125,6.140361692847694,655.6192626953125,6.140361692847694,-0.11725659686769074,-0.37022888031071327,0.5014854771784235,-0.487485477178404,0.487485477178404,0.014,0,0,0,2017-12-22 05:10:31,,2017-12-22 05:10:31,284681.2445665745,208784.25486948848,,,,NonLandslide,2017_2021,1672199.0,UX
516,652.0210571289062,14.32281192731784,652.0210571289062,14.32281192731784,-0.09251414127167497,-0.10297133590670254,0.5014854771784235,-0.1954854771783775,0.1954854771783775,0.306,0,0,0,2020-04-09 14:13:57,,2020-04-09 14:13:57,296696.535899024,209154.00583584773,,,,NonLandslide,2017_2021,1672085.0,TAC
546,777.7643432617188,19.99163385213805,777.7643432617188,19.99163385213805,0.18371963636992616,0.10079488645171426,0.5014854771784235,0.2845145228216404,0.2845145228216404,0.786,1,0,0,2019-01-20 19:14:43,,2019-01-20 19:14:43,267633.52194188227,215663.4263903174,,,,NonLandslide,2017_2021,1672006.0,EDE
547,873.99267578125,22.69143567610722,873.99267578125,22.69143567610722,-0.11521851763220402,-0.12426695954617256,0.5014854771784235,-0.2394854771783766,0.2394854771783766,0.262,0,1,1,2006-05-01 00:00:00,2006-05-01,,291228.618600003,198370.146899998,Buncombe,{F448458D-07FE-4DF2-B5B4-33104D94A360},59184.0,Landslide,2005_2010,1672007.0,EDF
548,1702.62353515625,28.679465598110113,1702.62353515625,28.679465598110113,-0.0021035376661570613,0.05061806048773863,0.5014854771784235,0.048514522821581564,0.05272159815389569,0.55,1,1,1,2008-09-18 00:00:00,2008-09-18,,309751.676099966,224938.629746313,Buncombe,{8CDE61D5-0D78-4799-BFF2-1D2CC4567C07},60602.0,Landslide,2005_2010,1671975.0,BXF
553,736.0867919921875,7.812340512350754,736.0867919921875,7.812340512350754,-0.07383922407181366,-0.3596462531065927,0.5014854771784235,-0.43348547717840635,0.43348547717840635,0.068,0,0,0,2018-05-01 05:06:15,,2018-05-01 05:06:15,269274.56757953943,210056.51720156812,,,,NonLandslide,2017_2021,1672087.0,TAD
554,800.3406982421875,23.326132835414956,800.3406982421875,23.326132835414956,-0.006048376657529621,-0.07543710052088427,0.5014854771784235,-0.0814854771784139,0.0814854771784139,0.42,0,1,1,2007-04-02 00:00:00,2007-04-02,,312614.8926,202985.910599999,Buncombe,{012E6626-4D7B-4C1D-92E5-66D2BEF294CD},60776.0,Landslide,2005_2010,1672007.0,EDF
556,966.7955322265624,16.98039857166809,966.7955322265624,16.98039857166809,-0.03926433605918905,-0.144221141119204,0.5014854771784235,-0.18348547717839306,0.18348547717839306,0.318,0,0,0,2017-05-31 23:34:26,,2017-05-31 23:34:26,296328.2294862688,221770.2458078762,,,,NonLandslide,2017_2021,1672005.0,EDD
561,729.1243896484375,27.173141195740776,729.1243896484375,27.173141195740776,0.015799554308141662,0.14071496851346085,0.5014854771784235,0.15651452282160253,0.15651452282160253,0.658,1,1,1,2017-10-23 00:00:00,2017-10-23,,288838.666378573,211483.357881119,Buncombe,{1F0D013D-3315-4F75-B038-DA19363E83C3},61446.0,Landslide,2017_2021,1672016.0,EWE
562,800.131103515625,24.98366063817918,800.131103515625,24.98366063817918,-0.09542077602551279,-0.23806470115284967,0.5014854771784235,-0.33348547717836247,0.33348547717836247,0.168,0,1,1,2008-04-08 00:00:00,2008-04-08,,296790.754299998,203170.538400002,Buncombe,{F161DAC4-4742-45D1-9CB9-1AC6E7144230},60913.0,Landslide,2005_2010,1672096.0,TPE
570,1041.101318359375,17.857072705348322,1041.101318359375,17.857072705348322,-0.056885737034809494,-0.1525997401435719,0.5014854771784235,-0.2094854771783814,0.2094854771783814,0.292,0,1,1,2008-07-16 00:00:00,2008-07-16,,305607.573600002,232509.579,Buncombe,{5AA9A5FC-E404-4754-8D88-30E690C187BB},59528.0,Landslide,2005_2010,1672095.0,TPD
575,612.6549682617188,8.145644812838574,612.6549682617188,8.145644812838574,-0.06642363950714004,-0.42906183767128925,0.5014854771784235,-0.4954854771784293,0.4954854771784293,0.006,0,0,0,2019-04-23 22:13:21,,2019-04-23 22:13:21,280660.1483568313,226104.869148552,,,,NonLandslide,2017_2021,1672200.0,WAD2
587,1114.6368408203125,27.070168442113935,1114.6368408203125,27.070168442113935,-0.06006938684896604,0.08858390967057402,0.5014854771784235,0.028514522821607977,0.14865329651954007,0.53,1,0,0,2021-09-05 06:42:30,,2021-09-05 06:42:30,259849.0962064728,216757.5811208776,,,,NonLandslide,2017_2021,1672006.0,EDE
594,1092.2142333984375,15.536090316765833,1092.2142333984375,15.536090316765833,0.01891300410705952,-0.14839848128545266,0.5014854771784235,-0.12948547717839315,0.16731148539251217,0.372,0,1,1,2008-10-07 00:00:00,2008-10-07,,292732.409699999,224588.732700001,Buncombe,{9B03776F-9FC1-43D3-BF4E-5CB897BECF11},58792.0,Landslide,2005_2010,1671927.0,ACD
595,963.570556640625,20.9817210409751,963.570556640625,20.9817210409751,0.19768357857524796,0.21683094424640686,0.5014854771784235,0.4145145228216548,0.4145145228216548,0.916,1,0,0,2018-02-25 03:22:22,,2018-02-25 03:22:22,299865.6873245554,225940.91738343835,,,,NonLandslide,2017_2021,1672096.0,TPE
601,1474.52783203125,30.88412189406571,1474.52783203125,30.88412189406571,-0.43949592852495356,0.014010451346500842,0.5014854771784235,-0.4254854771784527,0.4535063798714544,0.076,0,0,0,2019-03-26 05:38:41,,2019-03-26 05:38:41,311024.6104192697,223847.15290475084,,,,NonLandslide,2017_2021,1671931.0,BAE
