X,Y,IsLandslide,geometry
294655.5612,217780.137800001,1,POINT (294655.5612 217780.137800001)
283597.691299997,199444.660399999,1,POINT (283597.691299997 199444.660399999)
309606.524300002,225251.915600002,1,POINT (309606.524300002 225251.915600002)
309903.8178,224923.396499999,1,POINT (309903.8178 224923.396499999)
275138.453299999,197994.27,1,POINT (275138.453299999 197994.27)
277000.372000001,196806.5075,1,POINT (277000.372000001 196806.5075)
278342.997299999,199955.242400002,1,POINT (278342.997299999 199955.242400002)
277183.502700001,197102.916200001,1,POINT (277183.502700001 197102.916200001)
274690.545400001,198180.661899999,1,POINT (274690.545400001 198180.661899999)
274831.793200001,198221.0341,1,POINT (274831.793200001 198221.0341)
275046.8957,198294.076299999,1,POINT (275046.8957 198294.076299999)
274221.723800004,197117.8497,1,POINT (274221.723800004 197117.8497)
274868.799699999,197675.362300001,1,POINT (274868.799699999 197675.362300001)
318626.112300001,202637.203299999,1,POINT (318626.112300001 202637.203299999)
297772.001599997,209321.451299999,1,POINT (297772.001599997 209321.451299999)
298048.144599997,209361.830200002,1,POINT (298048.144599997 209361.830200002)
270057.140600003,213245.291499998,1,POINT (270057.140600003 213245.291499998)
275505.967399999,198476.9595,1,POINT (275505.967399999 198476.9595)
275525.265299998,198595.692899998,1,POINT (275525.265299998 198595.692899998)
275999.318599999,198842.986699998,1,POINT (275999.318599999 198842.986699998)
275804.451700002,199055.473499998,1,POINT (275804.451700002 199055.473499998)
276250.692299999,198746.306899998,1,POINT (276250.692299999 198746.306899998)
280718.0044,193465.979499999,1,POINT (280718.0044 193465.979499999)
277152.242899999,199524.0174,1,POINT (277152.242899999 199524.0174)
277205.434,199403.2698,1,POINT (277205.434 199403.2698)
277421.681199998,199466.888900001,1,POINT (277421.681199998 199466.888900001)
277504.395499997,198507.358399998,1,POINT (277504.395499997 198507.358399998)
276980.117799997,197071.907299999,1,POINT (276980.117799997 197071.907299999)
281491.271399997,197112.289299998,1,POINT (281491.271399997 197112.289299998)
276901.8125,196945.916299999,1,POINT (276901.8125 196945.916299999)
276855.431199998,196661.553599998,1,POINT (276855.431199998 196661.553599998)
276805.7016,196537.282499999,1,POINT (276805.7016 196537.282499999)
278446.238899998,199731.306899998,1,POINT (278446.238899998 199731.306899998)
277894.7311,198842.319200002,1,POINT (277894.7311 198842.319200002)
278149.0612,198712.058600001,1,POINT (278149.0612 198712.058600001)
274117.452100001,197217.316799998,1,POINT (274117.452100001 197217.316799998)
288234.731299996,207699.099300001,1,POINT (288234.731299996 207699.099300001)
278193.608199999,198681.555300001,1,POINT (278193.608199999 198681.555300001)
278299.841200002,197768.7951,1,POINT (278299.841200002 197768.7951)
278894.340800002,196189.122000001,1,POINT (278894.340800002 196189.122000001)
276570.263800003,196042.772799999,1,POINT (276570.263800003 196042.772799999)
278505.722099997,194949.207400002,1,POINT (278505.722099997 194949.207400002)
308926.512699999,214992.545600001,1,POINT (308926.512699999 214992.545600001)
294057.405500002,219095.731699999,1,POINT (294057.405500002 219095.731699999)
278200.682999998,195355.848200001,1,POINT (278200.682999998 195355.848200001)
278355.705600001,195449.054400001,1,POINT (278355.705600001 195449.054400001)
278540.475699998,194921.065200001,1,POINT (278540.475699998 194921.065200001)
278538.078299999,195478.425700001,1,POINT (278538.078299999 195478.425700001)
278449.765600003,195739.4397,1,POINT (278449.765600003 195739.4397)
280299.663900003,193543.208900001,1,POINT (280299.663900003 193543.208900001)
280654.162699997,193339.762499999,1,POINT (280654.162699997 193339.762499999)
279165.488399997,199821.765900001,1,POINT (279165.488399997 199821.765900001)
278242.174800001,198400.1296,1,POINT (278242.174800001 198400.1296)
278038.0876,197074.510200001,1,POINT (278038.0876 197074.510200001)
277985.642999999,196868.629000001,1,POINT (277985.642999999 196868.629000001)
279344.117700003,202660.103700001,1,POINT (279344.117700003 202660.103700001)
279616.674800001,202838.8233,1,POINT (279616.674800001 202838.8233)
281797.4507,197141.432,1,POINT (281797.4507 197141.432)
278473.948299997,197179.692299999,1,POINT (278473.948299997 197179.692299999)
270032.854099996,213312.709600002,1,POINT (270032.854099996 213312.709600002)
311493.540100001,224218.409200001,1,POINT (311493.540100001 224218.409200001)
311465.130500004,224229.676199999,1,POINT (311465.130500004 224229.676199999)
301086.2478,220467.2366,1,POINT (301086.2478 220467.2366)
309651.745499998,225031.611699998,1,POINT (309651.745499998 225031.611699998)
307863.539800003,226780.522999998,1,POINT (307863.539800003 226780.522999998)
277082.840099998,210349.298,1,POINT (277082.840099998 210349.298)
277058.548811354,210219.775711354,1,POINT (277058.548811354 210219.775711354)
276982.017399997,210173.183499999,1,POINT (276982.017399997 210173.183499999)
277020.884599999,210096.255199999,1,POINT (277020.884599999 210096.255199999)
276977.151799999,209919.138999999,1,POINT (276977.151799999 209919.138999999)
270712.609702996,195163.949986,1,POINT (270712.609702996 195163.949986)
277934.0942,217050.397700001,1,POINT (277934.0942 217050.397700001)
271895.041100003,211471.022599999,1,POINT (271895.041100003 211471.022599999)
270060.966300003,213200.1842,1,POINT (270060.966300003 213200.1842)
304250.813600004,223190.075199999,1,POINT (304250.813600004 223190.075199999)
301653.486900002,221641.320599999,1,POINT (301653.486900002 221641.320599999)
301634.7883,221666.383699998,1,POINT (301634.7883 221666.383699998)
301676.953400001,221776.3895,1,POINT (301676.953400001 221776.3895)
288963.4943,226803.9998,1,POINT (288963.4943 226803.9998)
293471.065200001,216042.260299999,1,POINT (293471.065200001 216042.260299999)
268455.310000002,220493.6754,1,POINT (268455.310000002 220493.6754)
304467.740699999,231952.1668,1,POINT (304467.740699999 231952.1668)
289777.368199997,230247.398600001,1,POINT (289777.368199997 230247.398600001)
286450.089000002,222595.9826,1,POINT (286450.089000002 222595.9826)
274477.866599999,206382.5251,1,POINT (274477.866599999 206382.5251)
285236.660099998,207087.397999998,1,POINT (285236.660099998 207087.397999998)
292366.953400001,207182.714000002,1,POINT (292366.953400001 207182.714000002)
309170.0044,211623.693799999,1,POINT (309170.0044 211623.693799999)
303556.827500001,210237.813000001,1,POINT (303556.827500001 210237.813000001)
289641.093353194,210463.525667889,1,POINT (289641.093353194 210463.525667889)
295886.432400003,208999.858100001,1,POINT (295886.432400003 208999.858100001)
287403.624899998,223755.447500002,1,POINT (287403.624899998 223755.447500002)
313235.048199996,200493.546500001,1,POINT (313235.048199996 200493.546500001)
313888.132600002,200290.027899999,1,POINT (313888.132600002 200290.027899999)
275079.193000004,225903.812899999,1,POINT (275079.193000004 225903.812899999)
270048.679300003,213182.1083,1,POINT (270048.679300003 213182.1083)
269967.997299999,213194.149700001,1,POINT (269967.997299999 213194.149700001)
314129.586978264,200111.68468841,1,POINT (314129.586978264 200111.68468841)
293920.939599998,219107.077100001,1,POINT (293920.939599998 219107.077100001)
293947.124600001,219200.0715,1,POINT (293947.124600001 219200.0715)
279621.443099998,195648.800700001,1,POINT (279621.443099998 195648.800700001)
280208.284000002,193764.572900001,1,POINT (280208.284000002 193764.572900001)
280247.073600002,193635.3825,1,POINT (280247.073600002 193635.3825)
293288.683200002,215520.274099998,1,POINT (293288.683200002 215520.274099998)
269985.797300003,213082.235800002,1,POINT (269985.797300003 213082.235800002)
316880.544100001,201492.292599998,1,POINT (316880.544100001 201492.292599998)
316836.361500002,201486.9593,1,POINT (316836.361500002 201486.9593)
309325.902800001,209349.170499999,1,POINT (309325.902800001 209349.170499999)
309313.1796,209293.983899999,1,POINT (309313.1796 209293.983899999)
310999.046899997,214949.8464,1,POINT (310999.046899997 214949.8464)
270343.773500003,209297.642299999,1,POINT (270343.773500003 209297.642299999)
270577.793399997,209363.307500001,1,POINT (270577.793399997 209363.307500001)
270568.828599997,209322.791000001,1,POINT (270568.828599997 209322.791000001)
270295.457400002,209747.645,1,POINT (270295.457400002 209747.645)
310791.233408644,224438.679714088,1,POINT (310791.233408644 224438.679714088)
292608.238799997,224535.7238,1,POINT (292608.238799997 224535.7238)
292623.145099998,224534.864300001,1,POINT (292623.145099998 224534.864300001)
292732.409699999,224588.732700001,1,POINT (292732.409699999 224588.732700001)
274977.972999997,197375.4549,1,POINT (274977.972999997 197375.4549)
267429.103500001,209605.7152,1,POINT (267429.103500001 209605.7152)
267427.415899999,209628.094300002,1,POINT (267427.415899999 209628.094300002)
267434.192400001,209646.487599999,1,POINT (267434.192400001 209646.487599999)
267439.245499998,209621.982099999,1,POINT (267439.245499998 209621.982099999)
263835.151299998,216892.151500002,1,POINT (263835.151299998 216892.151500002)
308996.998099998,215471.607000001,1,POINT (308996.998099998 215471.607000001)
270001.057599999,213330.120000001,1,POINT (270001.057599999 213330.120000001)
295714.1241,218106.860100001,1,POINT (295714.1241 218106.860100001)
295489.840499997,218112.369800001,1,POINT (295489.840499997 218112.369800001)
301079.830700003,220594.116999999,1,POINT (301079.830700003 220594.116999999)
303784.158799998,221266.664299998,1,POINT (303784.158799998 221266.664299998)
270002.640500002,213309.632599998,1,POINT (270002.640500002 213309.632599998)
270011.613200001,213319.174199998,1,POINT (270011.613200001 213319.174199998)
274155.238200001,196642.305500001,1,POINT (274155.238200001 196642.305500001)
313868.586199999,200308.318599999,1,POINT (313868.586199999 200308.318599999)
295505.634800002,203479.728,1,POINT (295505.634800002 203479.728)
310294.971100003,224583.321199998,1,POINT (310294.971100003 224583.321199998)
296335.122900002,217650.357000001,1,POINT (296335.122900002 217650.357000001)
296165.380099997,217978.2049,1,POINT (296165.380099997 217978.2049)
295407.023599997,225511.904300001,1,POINT (295407.023599997 225511.904300001)
296246.235799998,225194.9318,1,POINT (296246.235799998 225194.9318)
310898.594400004,215010.795499999,1,POINT (310898.594400004 215010.795499999)
310942.372097208,214897.208799311,1,POINT (310942.372097208 214897.208799311)
310530.0691,215015.617699999,1,POINT (310530.0691 215015.617699999)
311539.132308753,215725.411460987,1,POINT (311539.132308753 215725.411460987)
309236.451200001,214885.717500001,1,POINT (309236.451200001 214885.717500001)
304831.121100001,222395.636100002,1,POINT (304831.121100001 222395.636100002)
293388.061099999,212725.229800001,1,POINT (293388.061099999 212725.229800001)
293205.315099999,213142.061299998,1,POINT (293205.315099999 213142.061299998)
283662.6197,200029.215100002,1,POINT (283662.6197 200029.215100002)
283644.023100004,199929.314100001,1,POINT (283644.023100004 199929.314100001)
304052.827500001,222168.773600001,1,POINT (304052.827500001 222168.773600001)
309707.939000003,224979.781199999,1,POINT (309707.939000003 224979.781199999)
314558.276699997,200877.293299999,1,POINT (314558.276699997 200877.293299999)
314992.579800002,200039.581799999,1,POINT (314992.579800002 200039.581799999)
314970.854400001,199930.4067,1,POINT (314970.854400001 199930.4067)
310010.969400004,211451.654800002,1,POINT (310010.969400004 211451.654800002)
307808.162,204288.059300002,1,POINT (307808.162 204288.059300002)
274091.8486,196498.5748,1,POINT (274091.8486 196498.5748)
274236.265000001,196177.030200001,1,POINT (274236.265000001 196177.030200001)
267626.133400001,210050.288600001,1,POINT (267626.133400001 210050.288600001)
272546.123800002,195966.2733,1,POINT (272546.123800002 195966.2733)
267436.547499999,209686.920000002,1,POINT (267436.547499999 209686.920000002)
269363.5198,194740.923099998,1,POINT (269363.5198 194740.923099998)
269944.726599999,213338.798999999,1,POINT (269944.726599999 213338.798999999)
269947.172200002,213377.119199999,1,POINT (269947.172200002 213377.119199999)
270043.025200002,213428.340300001,1,POINT (270043.025200002 213428.340300001)
280813.774099998,196628.2487,1,POINT (280813.774099998 196628.2487)
278181.462899998,198472.523899999,1,POINT (278181.462899998 198472.523899999)
278141.242299996,198398.6281,1,POINT (278141.242299996 198398.6281)
276954.101599999,196483.2863,1,POINT (276954.101599999 196483.2863)
291228.618600003,198370.146899998,1,POINT (291228.618600003 198370.146899998)
291410.435599998,221995.1741,1,POINT (291410.435599998 221995.1741)
292607.376900002,221308.852899998,1,POINT (292607.376900002 221308.852899998)
280044.940700002,200164.847800001,1,POINT (280044.940700002 200164.847800001)
279592.729900002,202972.804900002,1,POINT (279592.729900002 202972.804900002)
277523.506399997,196775.540100001,1,POINT (277523.506399997 196775.540100001)
302944.310900003,231811.638799999,1,POINT (302944.310900003 231811.638799999)
270001.5929,213416.250599999,1,POINT (270001.5929 213416.250599999)
277239.877700001,205733.063299999,1,POINT (277239.877700001 205733.063299999)
305931.935999997,226819.487799998,1,POINT (305931.935999997 226819.487799998)
270047.704300001,213453.808899999,1,POINT (270047.704300001 213453.808899999)
270053.132299997,213602.258499999,1,POINT (270053.132299997 213602.258499999)
270050.686300002,213667.075199999,1,POINT (270050.686300002 213667.075199999)
271979.346500002,212448.032200001,1,POINT (271979.346500002 212448.032200001)
266672.014899999,199768.924600001,1,POINT (266672.014899999 199768.924600001)
300460.975599997,205389.397599999,1,POINT (300460.975599997 205389.397599999)
297318.707000002,205040.496599998,1,POINT (297318.707000002 205040.496599998)
296993.758400001,205369.480599999,1,POINT (296993.758400001 205369.480599999)
300517.986400001,205113.4815,1,POINT (300517.986400001 205113.4815)
301058.217699997,206489.137899999,1,POINT (301058.217699997 206489.137899999)
309606.376699999,214998.569499999,1,POINT (309606.376699999 214998.569499999)
310912.548299998,215675.790100001,1,POINT (310912.548299998 215675.790100001)
311394.8552,215188.2313,1,POINT (311394.8552 215188.2313)
310331.984300002,214936.297600001,1,POINT (310331.984300002 214936.297600001)
303291.605700001,215757.0057,1,POINT (303291.605700001 215757.0057)
296269.931100003,228713.737500001,1,POINT (296269.931100003 228713.737500001)
272198.554099999,212595.0031,1,POINT (272198.554099999 212595.0031)
271755.331500001,213528.664900001,1,POINT (271755.331500001 213528.664900001)
273191.268399999,213253.425099999,1,POINT (273191.268399999 213253.425099999)
267378.01864657,213612.964980901,1,POINT (267378.01864657 213612.964980901)
279579.244199999,202909.467700001,1,POINT (279579.244199999 202909.467700001)
296247.481899999,228672.003899999,1,POINT (296247.481899999 228672.003899999)
293909.478100002,218085.186700001,1,POINT (293909.478100002 218085.186700001)
294042.049999997,218357.054099999,1,POINT (294042.049999997 218357.054099999)
302154.211199999,223446.800799999,1,POINT (302154.211199999 223446.800799999)
299544.2271,232056.324000001,1,POINT (299544.2271 232056.324000001)
297406.575366076,231632.982416316,1,POINT (297406.575366076 231632.982416316)
305455.534900002,232466.445099998,1,POINT (305455.534900002 232466.445099998)
305517.819499999,232452.343800001,1,POINT (305517.819499999 232452.343800001)
305573.038800001,232459.2412,1,POINT (305573.038800001 232459.2412)
300484.553300001,233787.068399999,1,POINT (300484.553300001 233787.068399999)
300827.453599997,233842.304400001,1,POINT (300827.453599997 233842.304400001)
305607.573600002,232509.579,1,POINT (305607.573600002 232509.579)
305705.297300003,232516.479600001,1,POINT (305705.297300003 232516.479600001)
306003.361599997,232649.697000001,1,POINT (306003.361599997 232649.697000001)
305971.809299998,232479.033100002,1,POINT (305971.809299998 232479.033100002)
306223.857799999,232684.973200001,1,POINT (306223.857799999 232684.973200001)
306380.304399997,232722.309300002,1,POINT (306380.304399997 232722.309300002)
278109.8376,198712.059900001,1,POINT (278109.8376 198712.059900001)
278187.966499999,195316.352400001,1,POINT (278187.966499999 195316.352400001)
279386.710500002,202695.507399999,1,POINT (279386.710500002 202695.507399999)
278221.975699998,195361.836199999,1,POINT (278221.975699998 195361.836199999)
278320.686499998,195353.874600001,1,POINT (278320.686499998 195353.874600001)
270015.888099998,213422.704599999,1,POINT (270015.888099998 213422.704599999)
273278.821099997,198647.377599999,1,POINT (273278.821099997 198647.377599999)
310987.518399999,222342.267200001,1,POINT (310987.518399999 222342.267200001)
311743.630800001,222401.400899999,1,POINT (311743.630800001 222401.400899999)
311107.591700003,223015.5121,1,POINT (311107.591700003 223015.5121)
311021.272600003,223068.556899998,1,POINT (311021.272600003 223068.556899998)
289431.754600003,217625.019200001,1,POINT (289431.754600003 217625.019200001)
305128.222199999,222234.1417,1,POINT (305128.222199999 222234.1417)
305247.961499996,222107.308200002,1,POINT (305247.961499996 222107.308200002)
305738.023699999,223483.730300002,1,POINT (305738.023699999 223483.730300002)
309751.676099966,224938.629746313,1,POINT (309751.676099966 224938.629746313)
292418.915100001,218864.933400001,1,POINT (292418.915100001 218864.933400001)
289221.290700004,212651.340399999,1,POINT (289221.290700004 212651.340399999)
292565.325000003,224533.0211,1,POINT (292565.325000003 224533.0211)
301288.633400001,230783.271600001,1,POINT (301288.633400001 230783.271600001)
301321.916000001,230854.173799999,1,POINT (301321.916000001 230854.173799999)
301363.111500002,231097.4265,1,POINT (301363.111500002 231097.4265)
294492.468599997,221387.920200001,1,POINT (294492.468599997 221387.920200001)
294492.894299999,221449.072299998,1,POINT (294492.894299999 221449.072299998)
294543.634923846,221202.254578511,1,POINT (294543.634923846 221202.254578511)
315217.255199999,198839.6877,1,POINT (315217.255199999 198839.6877)
273959.977399997,199294.471700001,1,POINT (273959.977399997 199294.471700001)
274029.764899999,199395.889199998,1,POINT (274029.764899999 199395.889199998)
274684.3477,198228.850099999,1,POINT (274684.3477 198228.850099999)
275979.351899996,198941.195799999,1,POINT (275979.351899996 198941.195799999)
276486.747500002,198576.600000001,1,POINT (276486.747500002 198576.600000001)
312917.055699997,204596.292300001,1,POINT (312917.055699997 204596.292300001)
312896.266000003,204623.284699999,1,POINT (312896.266000003 204623.284699999)
277169.203500003,199462.112199999,1,POINT (277169.203500003 199462.112199999)
277056.746600002,199408.873300001,1,POINT (277056.746600002 199408.873300001)
277232.458800003,199611.4186,1,POINT (277232.458800003 199611.4186)
277162.503399998,199737.891800001,1,POINT (277162.503399998 199737.891800001)
277019.888400003,196464.5372,1,POINT (277019.888400003 196464.5372)
276946.3574,196841.473499998,1,POINT (276946.3574 196841.473499998)
277546.771399997,196739.047400001,1,POINT (277546.771399997 196739.047400001)
318012.439125623,202369.548917982,1,POINT (318012.439125623 202369.548917982)
273336.802000001,198733.800299998,1,POINT (273336.802000001 198733.800299998)
312646.016599998,203049.2621,1,POINT (312646.016599998 203049.2621)
312614.8926,202985.910599999,1,POINT (312614.8926 202985.910599999)
312631.341700003,203071.9461,1,POINT (312631.341700003 203071.9461)
304750.848899998,202893.7412,1,POINT (304750.848899998 202893.7412)
313756.401000001,202217.938099999,1,POINT (313756.401000001 202217.938099999)
319941.108400002,202538.385899998,1,POINT (319941.108400002 202538.385899998)
319973.415399998,202527.3563,1,POINT (319973.415399998 202527.3563)
320125.182400003,202365.9692,1,POINT (320125.182400003 202365.9692)
321672.850699998,201736.919,1,POINT (321672.850699998 201736.919)
314082.299000002,200487.550999999,1,POINT (314082.299000002 200487.550999999)
313309.555299997,200441.144400001,1,POINT (313309.555299997 200441.144400001)
302021.006399997,223662.391100001,1,POINT (302021.006399997 223662.391100001)
301871.381700002,223876.770599999,1,POINT (301871.381700002 223876.770599999)
301706.839500003,221932.329799999,1,POINT (301706.839500003 221932.329799999)
304674.343955282,224619.214791408,1,POINT (304674.343955282 224619.214791408)
266751.9749,199541.735100001,1,POINT (266751.9749 199541.735100001)
268913.230700001,199742.534000002,1,POINT (268913.230700001 199742.534000002)
266772.209600002,197438.532400001,1,POINT (266772.209600002 197438.532400001)
269374.075300001,206684.954700001,1,POINT (269374.075300001 206684.954700001)
275190.448100001,197917.515700001,1,POINT (275190.448100001 197917.515700001)
270152.894000001,208164.583700001,1,POINT (270152.894000001 208164.583700001)
272702.465899996,210829.794399999,1,POINT (272702.465899996 210829.794399999)
269981.387000002,213315.764699999,1,POINT (269981.387000002 213315.764699999)
269978.608599998,213369.381000001,1,POINT (269978.608599998 213369.381000001)
269976.4023,213392.556400001,1,POINT (269976.4023 213392.556400001)
271874.306900002,207671.903999999,1,POINT (271874.306900002 207671.903999999)
267444.672200002,218201.662799999,1,POINT (267444.672200002 218201.662799999)
267495.0185,218179.427999999,1,POINT (267495.0185 218179.427999999)
266010.9344,219597.661200002,1,POINT (266010.9344 219597.661200002)
266020.921999998,219593.504299998,1,POINT (266020.921999998 219593.504299998)
264848.489299998,217807.999200001,1,POINT (264848.489299998 217807.999200001)
264882.129500002,217402.473999999,1,POINT (264882.129500002 217402.473999999)
265964.988499999,218699.912700001,1,POINT (265964.988499999 218699.912700001)
266104.169799998,218937.172800001,1,POINT (266104.169799998 218937.172800001)
266109.028099999,218981.285100002,1,POINT (266109.028099999 218981.285100002)
266460.595399998,219501.530900002,1,POINT (266460.595399998 219501.530900002)
265263.659599997,218755.196400002,1,POINT (265263.659599997 218755.196400002)
268439.044200003,220470.867699999,1,POINT (268439.044200003 220470.867699999)
262529.643399999,216118.591699999,1,POINT (262529.643399999 216118.591699999)
262140.619000003,220544.513999999,1,POINT (262140.619000003 220544.513999999)
262189.538099997,220666.302900001,1,POINT (262189.538099997 220666.302900001)
262010.469265547,220827.733355767,1,POINT (262010.469265547 220827.733355767)
262041.816399999,220833.1171,1,POINT (262041.816399999 220833.1171)
261967.2764,220842.775199998,1,POINT (261967.2764 220842.775199998)
261898.313500002,220790.599100001,1,POINT (261898.313500002 220790.599100001)
261893.869400002,220682.854699999,1,POINT (261893.869400002 220682.854699999)
293250.240599997,200894.171500001,1,POINT (293250.240599997 200894.171500001)
293278.329259848,200751.357855296,1,POINT (293278.329259848 200751.357855296)
296753.367700003,203157.4078,1,POINT (296753.367700003 203157.4078)
296790.754299998,203170.538400002,1,POINT (296790.754299998 203170.538400002)
293518.600500002,200637.643599998,1,POINT (293518.600500002 200637.643599998)
295265.719400004,203206.709199999,1,POINT (295265.719400004 203206.709199999)
287462.722999997,207309.548599999,1,POINT (287462.722999997 207309.548599999)
300650.672791049,213087.424612187,1,POINT (300650.672791049 213087.424612187)
291331.167599998,211088.996599998,1,POINT (291331.167599998 211088.996599998)
307462.915063701,205234.960509667,1,POINT (307462.915063701 205234.960509667)
289250.20949911,210730.500303959,1,POINT (289250.20949911 210730.500303959)
288973.226063689,212937.465280502,1,POINT (288973.226063689 212937.465280502)
289953.6219576,216541.148534473,1,POINT (289953.6219576 216541.148534473)
296868.064842677,195664.656992986,1,POINT (296868.064842677 195664.656992986)
289198.416981483,213476.88681042,1,POINT (289198.416981483 213476.88681042)
287742.409192344,206925.190331828,1,POINT (287742.409192344 206925.190331828)
289502.618598251,211942.336551483,1,POINT (289502.618598251 211942.336551483)
293926.645089061,218928.110342857,1,POINT (293926.645089061 218928.110342857)
290417.039032819,209971.47774001,1,POINT (290417.039032819 209971.47774001)
290033.180985856,213554.268133497,1,POINT (290033.180985856 213554.268133497)
290811.318942589,197392.759144607,1,POINT (290811.318942589 197392.759144607)
310560.06209074,215001.945029316,1,POINT (310560.06209074 215001.945029316)
310539.275415073,214996.970440267,1,POINT (310539.275415073 214996.970440267)
288147.520167142,217764.642080676,1,POINT (288147.520167142 217764.642080676)
297239.724804215,205872.07921578,1,POINT (297239.724804215 205872.07921578)
295650.565448852,205041.559850009,1,POINT (295650.565448852 205041.559850009)
296363.17060871,217577.442939315,1,POINT (296363.17060871 217577.442939315)
306789.103904331,213076.721157,1,POINT (306789.103904331 213076.721157)
303781.856570284,221104.758869666,1,POINT (303781.856570284 221104.758869666)
312480.833740239,213591.93757447,1,POINT (312480.833740239 213591.93757447)
317829.703805999,202407.266679175,1,POINT (317829.703805999 202407.266679175)
280448.375807977,211973.085958389,1,POINT (280448.375807977 211973.085958389)
280554.553510682,211977.871437984,1,POINT (280554.553510682 211977.871437984)
280634.130680968,212007.546965286,1,POINT (280634.130680968 212007.546965286)
292604.333234648,217420.831043785,1,POINT (292604.333234648 217420.831043785)
292596.367036019,217438.976273995,1,POINT (292596.367036019 217438.976273995)
313173.413037472,197523.708275157,1,POINT (313173.413037472 197523.708275157)
303799.397524657,221300.897550773,1,POINT (303799.397524657 221300.897550773)
274607.697490563,210040.296216526,1,POINT (274607.697490563 210040.296216526)
313201.622075155,212522.026916107,1,POINT (313201.622075155 212522.026916107)
280687.582047249,212089.763452691,1,POINT (280687.582047249 212089.763452691)
280637.656781739,211981.6408623,1,POINT (280637.656781739 211981.6408623)
280717.801279051,212011.208713267,1,POINT (280717.801279051 212011.208713267)
280592.106865068,212021.511036933,1,POINT (280592.106865068 212021.511036933)
280633.447546923,212052.290230723,1,POINT (280633.447546923 212052.290230723)
280666.462034263,212051.983635421,1,POINT (280666.462034263 212051.983635421)
280413.545284202,212073.470606245,1,POINT (280413.545284202 212073.470606245)
291240.65898107,198094.557280201,1,POINT (291240.65898107 198094.557280201)
291234.192937792,198131.446886083,1,POINT (291234.192937792 198131.446886083)
306860.883000348,220426.471881404,1,POINT (306860.883000348 220426.471881404)
282443.089345855,221376.021416519,1,POINT (282443.089345855 221376.021416519)
295569.701691854,208980.027407448,1,POINT (295569.701691854 208980.027407448)
273955.661906714,199308.350719446,1,POINT (273955.661906714 199308.350719446)
296036.679276733,219674.888286467,1,POINT (296036.679276733 219674.888286467)
296039.343023068,219554.092170911,1,POINT (296039.343023068 219554.092170911)
294105.708358786,219387.756904371,1,POINT (294105.708358786 219387.756904371)
294108.785942909,219226.658870907,1,POINT (294108.785942909 219226.658870907)
288113.294022767,194002.916225691,1,POINT (288113.294022767 194002.916225691)
288838.666378573,211483.357881119,1,POINT (288838.666378573 211483.357881119)
288837.146417919,211534.740561249,1,POINT (288837.146417919 211534.740561249)
287847.005825425,209499.271973898,1,POINT (287847.005825425 209499.271973898)
300448.110850436,215248.331511158,1,POINT (300448.110850436 215248.331511158)
300433.077336856,215234.540436716,1,POINT (300433.077336856 215234.540436716)
286342.506832667,217385.879981303,1,POINT (286342.506832667 217385.879981303)
306762.921053431,212977.261082992,1,POINT (306762.921053431 212977.261082992)
306775.181431158,212935.868248097,1,POINT (306775.181431158 212935.868248097)
297353.114494448,205074.427398794,1,POINT (297353.114494448 205074.427398794)
297330.193767851,205047.801242955,1,POINT (297330.193767851 205047.801242955)
302593.608323686,229505.214924186,1,POINT (302593.608323686 229505.214924186)
293557.550775355,209830.543391962,1,POINT (293557.550775355 209830.543391962)
288614.446705812,208598.819395579,1,POINT (288614.446705812 208598.819395579)
290949.378779659,197448.488771794,1,POINT (290949.378779659 197448.488771794)
291107.521993679,197546.187482795,1,POINT (291107.521993679 197546.187482795)
290848.75334404,197346.177101562,1,POINT (290848.75334404 197346.177101562)
291106.557806895,197498.326182345,1,POINT (291106.557806895 197498.326182345)
291100.355316782,197472.779558992,1,POINT (291100.355316782 197472.779558992)
291090.595984256,197467.814673878,1,POINT (291090.595984256 197467.814673878)
291056.044408626,197673.44689506,1,POINT (291056.044408626 197673.44689506)
291121.925790389,197742.503283173,1,POINT (291121.925790389 197742.503283173)
291104.463255464,197895.697339561,1,POINT (291104.463255464 197895.697339561)
291138.594573726,197990.153778474,1,POINT (291138.594573726 197990.153778474)
291053.663153864,197796.478391123,1,POINT (291053.663153864 197796.478391123)
300721.040299028,211913.273796808,1,POINT (300721.040299028 211913.273796808)
300912.878914493,212137.614985203,1,POINT (300912.878914493 212137.614985203)
302335.574520566,211995.426615799,1,POINT (302335.574520566 211995.426615799)
299753.839430067,212970.638665523,1,POINT (299753.839430067 212970.638665523)
299987.524743841,213225.981232492,1,POINT (299987.524743841 213225.981232492)
302983.348770287,212844.920917165,1,POINT (302983.348770287 212844.920917165)
302687.353762656,212849.75516572,1,POINT (302687.353762656 212849.75516572)
302454.781943289,211564.884411639,1,POINT (302454.781943289 211564.884411639)
285378.175106226,210101.916417347,1,POINT (285378.175106226 210101.916417347)
271912.537071358,205305.564512294,1,POINT (271912.537071358 205305.564512294)
293020.74851513724,207988.84859713278,0,POINT (293020.74851513724 207988.84859713278)
271064.8688225899,209281.25999882718,0,POINT (271064.8688225899 209281.25999882718)
268112.5016820675,197594.20888492666,0,POINT (268112.5016820675 197594.20888492666)
282869.0831657443,204130.9388565257,0,POINT (282869.0831657443 204130.9388565257)
312711.1395478678,202176.33876110724,0,POINT (312711.1395478678 202176.33876110724)
272954.2919576763,213301.09803936194,0,POINT (272954.2919576763 213301.09803936194)
299223.95668818895,224369.57847059122,0,POINT (299223.95668818895 224369.57847059122)
271968.7424152709,198050.50533546615,0,POINT (271968.7424152709 198050.50533546615)
296087.62234204187,226931.91650835652,0,POINT (296087.62234204187 226931.91650835652)
305428.41128614347,199883.17725932164,0,POINT (305428.41128614347 199883.17725932164)
282662.06142890564,223785.35867637035,0,POINT (282662.06142890564 223785.35867637035)
278450.30875926145,219419.1963403799,0,POINT (278450.30875926145 219419.1963403799)
310828.8216926559,207011.8709581003,0,POINT (310828.8216926559 207011.8709581003)
294608.99703586096,222168.9084894709,0,POINT (294608.99703586096 222168.9084894709)
266303.65269392845,199817.84220467432,0,POINT (266303.65269392845 199817.84220467432)
284022.486534465,225509.99760643975,0,POINT (284022.486534465 225509.99760643975)
292152.903283838,212375.0079174309,0,POINT (292152.903283838 212375.0079174309)
287521.5455380533,218467.75101104533,0,POINT (287521.5455380533 218467.75101104533)
295178.9800959411,203409.56138266178,0,POINT (295178.9800959411 203409.56138266178)
286733.21606423025,202243.75482840385,0,POINT (286733.21606423025 202243.75482840385)
304147.71557148016,213389.79435020944,0,POINT (304147.71557148016 213389.79435020944)
301564.3867318512,217184.41389741193,0,POINT (301564.3867318512 217184.41389741193)
288328.0092038385,204662.93355168786,0,POINT (288328.0092038385 204662.93355168786)
310205.59601715714,208661.7012339771,0,POINT (310205.59601715714 208661.7012339771)
289238.1335722378,222246.07234567543,0,POINT (289238.1335722378 222246.07234567543)
313393.6760061917,201763.3769798094,0,POINT (313393.6760061917 201763.3769798094)
271294.2038095679,194504.9197038163,0,POINT (271294.2038095679 194504.9197038163)
310272.09780355217,217361.2653003463,0,POINT (310272.09780355217 217361.2653003463)
271655.4102049451,207953.1663930645,0,POINT (271655.4102049451 207953.1663930645)
268100.6842875406,221863.61172490474,0,POINT (268100.6842875406 221863.61172490474)
316381.0294647247,201153.49724972495,0,POINT (316381.0294647247 201153.49724972495)
284447.3499316222,196302.60863209318,0,POINT (284447.3499316222 196302.60863209318)
284850.9894897413,210059.3503601815,0,POINT (284850.9894897413 210059.3503601815)
270424.01063846616,201495.59451585388,0,POINT (270424.01063846616 201495.59451585388)
298754.84754249535,222812.40390110272,0,POINT (298754.84754249535 222812.40390110272)
305116.51122890244,228930.6412490685,0,POINT (305116.51122890244 228930.6412490685)
289168.5225247141,194121.6316901957,0,POINT (289168.5225247141 194121.6316901957)
315488.6523235051,204608.71754704788,0,POINT (315488.6523235051 204608.71754704788)
294797.56052452966,220573.30481813883,0,POINT (294797.56052452966 220573.30481813883)
310574.67172608804,210463.8702298141,0,POINT (310574.67172608804 210463.8702298141)
288045.08568128274,210144.18143965933,0,POINT (288045.08568128274 210144.18143965933)
290512.2691532091,194618.053873326,0,POINT (290512.2691532091 194618.053873326)
302050.56388249237,231922.6609033046,0,POINT (302050.56388249237 231922.6609033046)
290558.7341272295,206561.65688417037,0,POINT (290558.7341272295 206561.65688417037)
268199.47533240344,211480.711869276,0,POINT (268199.47533240344 211480.711869276)
291267.46120169695,210114.3332961237,0,POINT (291267.46120169695 210114.3332961237)
298950.1042431191,209620.1616740368,0,POINT (298950.1042431191 209620.1616740368)
293984.6750557865,203860.94524235063,0,POINT (293984.6750557865 203860.94524235063)
285209.87534515414,197067.2869962799,0,POINT (285209.87534515414 197067.2869962799)
307886.61966828833,198948.76230681266,0,POINT (307886.61966828833 198948.76230681266)
306640.196262633,210511.0628572557,0,POINT (306640.196262633 210511.0628572557)
295632.4867627551,232377.09171685338,0,POINT (295632.4867627551 232377.09171685338)
290033.17844419624,221246.570815206,0,POINT (290033.17844419624 221246.570815206)
301084.7334557874,217511.63608657022,0,POINT (301084.7334557874 217511.63608657022)
282944.4223707145,204427.32622066906,0,POINT (282944.4223707145 204427.32622066906)
288655.0118522823,215097.21436092362,0,POINT (288655.0118522823 215097.21436092362)
269139.126812394,206732.5522874467,0,POINT (269139.126812394 206732.5522874467)
276515.22277240717,215584.47745929065,0,POINT (276515.22277240717 215584.47745929065)
267996.9520928777,220034.40567147845,0,POINT (267996.9520928777 220034.40567147845)
274516.32504268107,224435.02434574702,0,POINT (274516.32504268107 224435.02434574702)
280258.58442808315,206067.319716338,0,POINT (280258.58442808315 206067.319716338)
282933.98317124456,197044.7690711927,0,POINT (282933.98317124456 197044.7690711927)
302425.5409409697,225764.77303238877,0,POINT (302425.5409409697 225764.77303238877)
273085.83883085614,217262.82294152013,0,POINT (273085.83883085614 217262.82294152013)
271496.12716286944,200758.1600872267,0,POINT (271496.12716286944 200758.1600872267)
284724.3584795076,193643.53159796615,0,POINT (284724.3584795076 193643.53159796615)
261736.98416493786,214891.13597256684,0,POINT (261736.98416493786 214891.13597256684)
265845.428641247,217343.84253210857,0,POINT (265845.428641247 217343.84253210857)
272869.4661841403,208440.59236309872,0,POINT (272869.4661841403 208440.59236309872)
287007.3552632946,194397.87540845879,0,POINT (287007.3552632946 194397.87540845879)
279506.0458741315,197594.19133253323,0,POINT (279506.0458741315 197594.19133253323)
300666.2574708605,233921.65695089154,0,POINT (300666.2574708605 233921.65695089154)
306306.8818970787,224235.80599280327,0,POINT (306306.8818970787 224235.80599280327)
311695.7580021389,223967.23370536815,0,POINT (311695.7580021389 223967.23370536815)
277080.7435471464,198146.12878330814,0,POINT (277080.7435471464 198146.12878330814)
310473.4539852953,204735.6703327761,0,POINT (310473.4539852953 204735.6703327761)
270608.8552990314,213424.53024392767,0,POINT (270608.8552990314 213424.53024392767)
310939.10718793015,207522.0903676789,0,POINT (310939.10718793015 207522.0903676789)
278785.1480246913,226761.93841102472,0,POINT (278785.1480246913 226761.93841102472)
284489.2161451596,215894.54712350434,0,POINT (284489.2161451596 215894.54712350434)
295168.6228887342,221375.74886911438,0,POINT (295168.6228887342 221375.74886911438)
291149.7135350187,204679.77453824744,0,POINT (291149.7135350187 204679.77453824744)
275334.8193086139,197502.53560339013,0,POINT (275334.8193086139 197502.53560339013)
260679.91386034252,221839.56880055513,0,POINT (260679.91386034252 221839.56880055513)
288280.9150007184,204955.55852232358,0,POINT (288280.9150007184 204955.55852232358)
293604.5545619001,196911.2979971646,0,POINT (293604.5545619001 196911.2979971646)
305374.2689733889,211251.35419961004,0,POINT (305374.2689733889 211251.35419961004)
273254.8590029272,206347.85590846534,0,POINT (273254.8590029272 206347.85590846534)
281374.26908573543,208695.66457996485,0,POINT (281374.26908573543 208695.66457996485)
277955.8278627051,205055.40122686056,0,POINT (277955.8278627051 205055.40122686056)
303776.16919366096,212053.0584649781,0,POINT (303776.16919366096 212053.0584649781)
264943.9553338461,219074.28268403688,0,POINT (264943.9553338461 219074.28268403688)
296721.0129421104,232067.2859963073,0,POINT (296721.0129421104 232067.2859963073)
303578.84510234697,227894.84203952475,0,POINT (303578.84510234697 227894.84203952475)
292655.508751726,219123.97874906543,0,POINT (292655.508751726 219123.97874906543)
294909.57831173285,220433.0916815357,0,POINT (294909.57831173285 220433.0916815357)
280056.89168826636,194816.87053103783,0,POINT (280056.89168826636 194816.87053103783)
271373.5582530954,216422.70206714643,0,POINT (271373.5582530954 216422.70206714643)
283462.96754891647,212341.95126424392,0,POINT (283462.96754891647 212341.95126424392)
302707.50493580673,207115.43252845338,0,POINT (302707.50493580673 207115.43252845338)
279531.44104378787,217080.0926857312,0,POINT (279531.44104378787 217080.0926857312)
303318.87780477287,212526.7843563277,0,POINT (303318.87780477287 212526.7843563277)
296019.70619280165,194133.0187005825,0,POINT (296019.70619280165 194133.0187005825)
276862.1296111013,220083.99412214308,0,POINT (276862.1296111013 220083.99412214308)
294332.8183833058,231726.54542198277,0,POINT (294332.8183833058 231726.54542198277)
281959.6936630896,196374.76194157466,0,POINT (281959.6936630896 196374.76194157466)
296006.0936709252,202892.40858907218,0,POINT (296006.0936709252 202892.40858907218)
265515.6931566528,216347.87819708895,0,POINT (265515.6931566528 216347.87819708895)
313851.7384739269,206409.23827696277,0,POINT (313851.7384739269 206409.23827696277)
310630.74086530705,204888.17792242457,0,POINT (310630.74086530705 204888.17792242457)
263636.4055528572,221616.4007784537,0,POINT (263636.4055528572 221616.4007784537)
293571.37427343824,220098.5912230394,0,POINT (293571.37427343824 220098.5912230394)
287235.85361479543,210597.2686910144,0,POINT (287235.85361479543 210597.2686910144)
282976.58163274947,206654.14904694102,0,POINT (282976.58163274947 206654.14904694102)
273671.81924169214,198468.32370770173,0,POINT (273671.81924169214 198468.32370770173)
296417.26962161454,194966.34874435375,0,POINT (296417.26962161454 194966.34874435375)
288076.2598798179,207804.5944173408,0,POINT (288076.2598798179 207804.5944173408)
314977.2312042201,199105.80989035213,0,POINT (314977.2312042201 199105.80989035213)
290968.93569490296,202304.8676062223,0,POINT (290968.93569490296 202304.8676062223)
292990.48909595626,203415.48129958715,0,POINT (292990.48909595626 203415.48129958715)
266298.65379746765,199781.33457928582,0,POINT (266298.65379746765 199781.33457928582)
270078.5230234893,205932.78580922814,0,POINT (270078.5230234893 205932.78580922814)
300316.9738189606,220917.05204585663,0,POINT (300316.9738189606 220917.05204585663)
296079.3996829868,194780.72401624545,0,POINT (296079.3996829868 194780.72401624545)
273355.9868752604,222758.01319770163,0,POINT (273355.9868752604 222758.01319770163)
294451.0545721173,225823.5488301964,0,POINT (294451.0545721173 225823.5488301964)
271345.6619252823,206414.72521845673,0,POINT (271345.6619252823 206414.72521845673)
278758.77319653437,205063.64439425958,0,POINT (278758.77319653437 205063.64439425958)
283801.82533088705,211155.30492703238,0,POINT (283801.82533088705 211155.30492703238)
300634.0378871664,197795.44527332822,0,POINT (300634.0378871664 197795.44527332822)
305589.9770562017,203691.93540073262,0,POINT (305589.9770562017 203691.93540073262)
279595.2442662352,196068.91800760938,0,POINT (279595.2442662352 196068.91800760938)
292986.80918786203,216792.7248595604,0,POINT (292986.80918786203 216792.7248595604)
262733.20025653276,218356.11202047954,0,POINT (262733.20025653276 218356.11202047954)
280020.475192965,227525.2810685807,0,POINT (280020.475192965 227525.2810685807)
302269.5420997002,229341.6719932335,0,POINT (302269.5420997002 229341.6719932335)
277091.4412212255,209012.28287753655,0,POINT (277091.4412212255 209012.28287753655)
276231.3442619088,209605.5157705862,0,POINT (276231.3442619088 209605.5157705862)
308078.27000688686,212972.4861480608,0,POINT (308078.27000688686 212972.4861480608)
294712.2147197582,198413.35162305154,0,POINT (294712.2147197582 198413.35162305154)
264897.4540013063,215542.49498753523,0,POINT (264897.4540013063 215542.49498753523)
284076.21720642963,229444.5501712972,0,POINT (284076.21720642963 229444.5501712972)
287871.79896419373,216746.38569880862,0,POINT (287871.79896419373 216746.38569880862)
289260.97705091763,205373.37268249845,0,POINT (289260.97705091763 205373.37268249845)
304442.3304174537,227758.76880660228,0,POINT (304442.3304174537 227758.76880660228)
289000.4702996438,200979.26863313778,0,POINT (289000.4702996438 200979.26863313778)
294411.99174413143,219132.35178447785,0,POINT (294411.99174413143 219132.35178447785)
308620.248562795,201482.94176141097,0,POINT (308620.248562795 201482.94176141097)
267533.5875813905,222554.7416940668,0,POINT (267533.5875813905 222554.7416940668)
289410.8480195523,199377.47860428845,0,POINT (289410.8480195523 199377.47860428845)
304223.8943074459,197828.79190862091,0,POINT (304223.8943074459 197828.79190862091)
302797.9589432764,231528.8179578942,0,POINT (302797.9589432764 231528.8179578942)
301422.88245163334,198491.82422406305,0,POINT (301422.88245163334 198491.82422406305)
296168.6745537046,218611.78141372954,0,POINT (296168.6745537046 218611.78141372954)
290516.58741412556,217573.46054172236,0,POINT (290516.58741412556 217573.46054172236)
291534.11501692055,217086.79632653238,0,POINT (291534.11501692055 217086.79632653238)
301717.3051984171,204908.3353067069,0,POINT (301717.3051984171 204908.3353067069)
273849.5736390308,199513.17060872217,0,POINT (273849.5736390308 199513.17060872217)
273324.9183307902,211222.9973343126,0,POINT (273324.9183307902 211222.9973343126)
271114.9741454909,211571.49065745855,0,POINT (271114.9741454909 211571.49065745855)
284150.0126970346,227474.63597980497,0,POINT (284150.0126970346 227474.63597980497)
312075.1156409759,212790.86969569552,0,POINT (312075.1156409759 212790.86969569552)
305303.4876628321,209122.53003633243,0,POINT (305303.4876628321 209122.53003633243)
311795.1562823302,217648.4047574207,0,POINT (311795.1562823302 217648.4047574207)
310264.6778022893,199911.62366721983,0,POINT (310264.6778022893 199911.62366721983)
284719.46151011076,224654.15527826754,0,POINT (284719.46151011076 224654.15527826754)
291908.9855988875,209398.86352888047,0,POINT (291908.9855988875 209398.86352888047)
277149.28557105915,222428.23009219507,0,POINT (277149.28557105915 222428.23009219507)
304334.00093678123,206455.43149100774,0,POINT (304334.00093678123 206455.43149100774)
308429.3940131908,222144.75311241252,0,POINT (308429.3940131908 222144.75311241252)
290387.35065748985,209697.0491136055,0,POINT (290387.35065748985 209697.0491136055)
268477.0353512024,205261.20718561753,0,POINT (268477.0353512024 205261.20718561753)
319336.1738014335,202412.9346631054,0,POINT (319336.1738014335 202412.9346631054)
271881.59662871243,216021.4019142479,0,POINT (271881.59662871243 216021.4019142479)
297827.6252931216,233017.0930913309,0,POINT (297827.6252931216 233017.0930913309)
287935.5664833336,227290.71481099987,0,POINT (287935.5664833336 227290.71481099987)
294864.6357012323,206425.5021343409,0,POINT (294864.6357012323 206425.5021343409)
304015.6803769958,230485.10977076073,0,POINT (304015.6803769958 230485.10977076073)
286439.18540352106,203851.20531311972,0,POINT (286439.18540352106 203851.20531311972)
290732.7128519378,226536.45489360887,0,POINT (290732.7128519378 226536.45489360887)
288667.9912149621,194096.00122353455,0,POINT (288667.9912149621 194096.00122353455)
278427.54159704584,197858.50330811314,0,POINT (278427.54159704584 197858.50330811314)
302164.8926969539,223107.68305394985,0,POINT (302164.8926969539 223107.68305394985)
278566.3306625481,215437.0775081921,0,POINT (278566.3306625481 215437.0775081921)
291633.08132379944,201483.4158292824,0,POINT (291633.08132379944 201483.4158292824)
287969.0942507342,207464.99208997472,0,POINT (287969.0942507342 207464.99208997472)
287468.5017796258,216127.08755471895,0,POINT (287468.5017796258 216127.08755471895)
289565.07724781317,216266.58500353963,0,POINT (289565.07724781317 216266.58500353963)
301348.12023854535,232389.70755194465,0,POINT (301348.12023854535 232389.70755194465)
293401.56474209344,216312.3333948696,0,POINT (293401.56474209344 216312.3333948696)
274508.17083764705,203599.71101560755,0,POINT (274508.17083764705 203599.71101560755)
303251.23745696445,203540.6946028472,0,POINT (303251.23745696445 203540.6946028472)
289688.49127984664,205935.81160915675,0,POINT (289688.49127984664 205935.81160915675)
279405.4576333926,199465.9525825339,0,POINT (279405.4576333926 199465.9525825339)
302588.4784667724,210670.79900792512,0,POINT (302588.4784667724 210670.79900792512)
286390.011086408,225212.21441145297,0,POINT (286390.011086408 225212.21441145297)
291902.62350488256,218824.92150483566,0,POINT (291902.62350488256 218824.92150483566)
290659.64493051195,222394.17383242285,0,POINT (290659.64493051195 222394.17383242285)
259439.0273091355,221693.75700283019,0,POINT (259439.0273091355 221693.75700283019)
307360.032304808,228569.39188298443,0,POINT (307360.032304808 228569.39188298443)
316687.3545085515,201518.13340125149,0,POINT (316687.3545085515 201518.13340125149)
278948.02185983205,201656.40801070127,0,POINT (278948.02185983205 201656.40801070127)
310038.41549651796,200224.06711316694,0,POINT (310038.41549651796 200224.06711316694)
314076.572463482,200581.32899002085,0,POINT (314076.572463482 200581.32899002085)
312236.04110052175,214154.27007460519,0,POINT (312236.04110052175 214154.27007460519)
297791.76597263664,209870.0494943882,0,POINT (297791.76597263664 209870.0494943882)
279801.1594841764,222638.7990993027,0,POINT (279801.1594841764 222638.7990993027)
298160.7766443216,208300.64079507883,0,POINT (298160.7766443216 208300.64079507883)
274793.9109029993,220875.0417673883,0,POINT (274793.9109029993 220875.0417673883)
277658.57743161847,208757.7408562549,0,POINT (277658.57743161847 208757.7408562549)
277894.3634695241,209789.80145365925,0,POINT (277894.3634695241 209789.80145365925)
305898.167655209,221077.57591610902,0,POINT (305898.167655209 221077.57591610902)
272030.4457387268,195638.26938161528,0,POINT (272030.4457387268 195638.26938161528)
286793.9745617432,204509.09170860116,0,POINT (286793.9745617432 204509.09170860116)
297832.0012134014,195519.72180181966,0,POINT (297832.0012134014 195519.72180181966)
268182.4038110015,217616.65692674255,0,POINT (268182.4038110015 217616.65692674255)
298847.6698782771,214849.914397866,0,POINT (298847.6698782771 214849.914397866)
291591.2064837595,222107.95870936546,0,POINT (291591.2064837595 222107.95870936546)
296161.2251338295,225207.92337633454,0,POINT (296161.2251338295 225207.92337633454)
304726.4288421802,226804.02178847633,0,POINT (304726.4288421802 226804.02178847633)
278802.8141111763,211006.74742891281,0,POINT (278802.8141111763 211006.74742891281)
289252.91760885867,204912.81541707748,0,POINT (289252.91760885867 204912.81541707748)
307332.84002276417,222394.96478926108,0,POINT (307332.84002276417 222394.96478926108)
302000.4662261778,198540.25871305476,0,POINT (302000.4662261778 198540.25871305476)
290903.3970187165,206610.54309763951,0,POINT (290903.3970187165 206610.54309763951)
303668.823810045,204520.80744574845,0,POINT (303668.823810045 204520.80744574845)
314705.1294898496,199922.43791792585,0,POINT (314705.1294898496 199922.43791792585)
300335.1820554922,212142.92586243188,0,POINT (300335.1820554922 212142.92586243188)
275079.39600547584,209219.6137093871,0,POINT (275079.39600547584 209219.6137093871)
274756.02634043497,200501.33207622252,0,POINT (274756.02634043497 200501.33207622252)
289682.19786138326,196028.57334438615,0,POINT (289682.19786138326 196028.57334438615)
275374.9983935372,215069.24883424738,0,POINT (275374.9983935372 215069.24883424738)
296154.97912401496,204650.71014350365,0,POINT (296154.97912401496 204650.71014350365)
283447.8285270733,211608.77527135186,0,POINT (283447.8285270733 211608.77527135186)
294008.71304929996,198017.2445683147,0,POINT (294008.71304929996 198017.2445683147)
296076.5757362471,222349.27764721206,0,POINT (296076.5757362471 222349.27764721206)
292378.00386487204,209746.4649064465,0,POINT (292378.00386487204 209746.4649064465)
308378.6822481511,207246.13757767933,0,POINT (308378.6822481511 207246.13757767933)
267784.3068253908,196173.39670192963,0,POINT (267784.3068253908 196173.39670192963)
261937.8055940792,218208.312095207,0,POINT (261937.8055940792 218208.312095207)
261822.35950188033,221413.82789974054,0,POINT (261822.35950188033 221413.82789974054)
300958.45716619183,224527.95756061174,0,POINT (300958.45716619183 224527.95756061174)
302462.28130413685,210456.98310462176,0,POINT (302462.28130413685 210456.98310462176)
299613.47533727146,226042.5925227934,0,POINT (299613.47533727146 226042.5925227934)
273765.21707521734,203901.06020558963,0,POINT (273765.21707521734 203901.06020558963)
267459.5775050423,195364.3662582934,0,POINT (267459.5775050423 195364.3662582934)
284817.6183929818,226252.78060086322,0,POINT (284817.6183929818 226252.78060086322)
273562.9973105967,196264.02943035815,0,POINT (273562.9973105967 196264.02943035815)
289771.23989260494,211635.96349100128,0,POINT (289771.23989260494 211635.96349100128)
296962.47916040017,206732.05813217006,0,POINT (296962.47916040017 206732.05813217006)
311326.94382792606,204866.54260792697,0,POINT (311326.94382792606 204866.54260792697)
277939.74946664245,219346.7639695145,0,POINT (277939.74946664245 219346.7639695145)
299708.866993327,218207.06435459125,0,POINT (299708.866993327 218207.06435459125)
312927.36394003825,222231.02595483453,0,POINT (312927.36394003825 222231.02595483453)
281895.13685474364,203420.36588237417,0,POINT (281895.13685474364 203420.36588237417)
310018.38034310937,209746.62817256904,0,POINT (310018.38034310937 209746.62817256904)
297285.48471672565,212033.97424614945,0,POINT (297285.48471672565 212033.97424614945)
293695.02472392935,198341.69737138343,0,POINT (293695.02472392935 198341.69737138343)
295936.00387340214,207060.7049116271,0,POINT (295936.00387340214 207060.7049116271)
266077.8008952929,213884.92951508786,0,POINT (266077.8008952929 213884.92951508786)
277847.5349072669,225518.43605930035,0,POINT (277847.5349072669 225518.43605930035)
270926.4426232288,222996.6265925012,0,POINT (270926.4426232288 222996.6265925012)
312088.27859255846,216234.93344869037,0,POINT (312088.27859255846 216234.93344869037)
287866.4791339749,195839.08824608216,0,POINT (287866.4791339749 195839.08824608216)
311187.0135735722,218993.61578169826,0,POINT (311187.0135735722 218993.61578169826)
311579.39160195447,221005.19324802732,0,POINT (311579.39160195447 221005.19324802732)
279492.8837385413,205107.66842075565,0,POINT (279492.8837385413 205107.66842075565)
278136.2202497853,204759.74838541143,0,POINT (278136.2202497853 204759.74838541143)
268454.6608327823,215794.63166052705,0,POINT (268454.6608327823 215794.63166052705)
304246.6195340262,232207.07252040226,0,POINT (304246.6195340262 232207.07252040226)
276060.48191854,209873.7829711582,0,POINT (276060.48191854 209873.7829711582)
303111.01143239066,229410.85451598532,0,POINT (303111.01143239066 229410.85451598532)
272990.06499442435,198934.74695142335,0,POINT (272990.06499442435 198934.74695142335)
287334.37688971974,215913.98510893318,0,POINT (287334.37688971974 215913.98510893318)
279859.3020882014,224511.13835591247,0,POINT (279859.3020882014 224511.13835591247)
283351.9377214705,210659.90238524834,0,POINT (283351.9377214705 210659.90238524834)
285924.88701845624,215482.89923568763,0,POINT (285924.88701845624 215482.89923568763)
295245.63059381803,223717.85652127757,0,POINT (295245.63059381803 223717.85652127757)
259735.28270102243,220183.7043792965,0,POINT (259735.28270102243 220183.7043792965)
269858.17513962527,210386.3665145785,0,POINT (269858.17513962527 210386.3665145785)
287991.55681809556,209980.6040066419,0,POINT (287991.55681809556 209980.6040066419)
299762.0192668474,212151.54428293978,0,POINT (299762.0192668474 212151.54428293978)
306012.73769941204,214003.2569002951,0,POINT (306012.73769941204 214003.2569002951)
269236.5301736106,214066.19664470595,0,POINT (269236.5301736106 214066.19664470595)
282712.36879850284,221102.65995052594,0,POINT (282712.36879850284 221102.65995052594)
288891.8815046304,223731.35163893158,0,POINT (288891.8815046304 223731.35163893158)
282902.6099340185,200247.20460411857,0,POINT (282902.6099340185 200247.20460411857)
300046.2950963402,214603.9739953966,0,POINT (300046.2950963402 214603.9739953966)
291826.0365502607,232547.9795421234,0,POINT (291826.0365502607 232547.9795421234)
296801.6572313011,201496.85135517092,0,POINT (296801.6572313011 201496.85135517092)
310061.8077358173,198864.36252522448,0,POINT (310061.8077358173 198864.36252522448)
303155.9329202438,205619.38757607318,0,POINT (303155.9329202438 205619.38757607318)
277051.8979445314,219147.55716241707,0,POINT (277051.8979445314 219147.55716241707)
294706.82632882847,232840.9354108702,0,POINT (294706.82632882847 232840.9354108702)
270962.5769575893,204500.08657151213,0,POINT (270962.5769575893 204500.08657151213)
288453.40379125223,205314.5859850032,0,POINT (288453.40379125223 205314.5859850032)
297940.06061771803,195742.34370793655,0,POINT (297940.06061771803 195742.34370793655)
259863.8349029264,217719.35409429215,0,POINT (259863.8349029264 217719.35409429215)
300049.11705344735,203260.13159442836,0,POINT (300049.11705344735 203260.13159442836)
303980.89856269263,226597.99180864694,0,POINT (303980.89856269263 226597.99180864694)
270616.52941762767,196421.55604599847,0,POINT (270616.52941762767 196421.55604599847)
296783.5507889046,229072.2037247656,0,POINT (296783.5507889046 229072.2037247656)
311833.5324042398,211011.53349468048,0,POINT (311833.5324042398 211011.53349468048)
269463.05420112127,208098.51866337025,0,POINT (269463.05420112127 208098.51866337025)
298507.50738610514,203002.22799275807,0,POINT (298507.50738610514 203002.22799275807)
290883.2292880142,208857.90991313203,0,POINT (290883.2292880142 208857.90991313203)
287845.0559044067,229327.28305956375,0,POINT (287845.0559044067 229327.28305956375)
299774.91028000036,204541.6599352016,0,POINT (299774.91028000036 204541.6599352016)
299941.39786226087,211305.09117409706,0,POINT (299941.39786226087 211305.09117409706)
297441.64164108824,200419.172499043,0,POINT (297441.64164108824 200419.172499043)
304783.3177395643,228561.7763393812,0,POINT (304783.3177395643 228561.7763393812)
280820.3788117895,219436.61102778267,0,POINT (280820.3788117895 219436.61102778267)
300711.8960740222,231889.38788652848,0,POINT (300711.8960740222 231889.38788652848)
269482.3272031927,214211.37200571876,0,POINT (269482.3272031927 214211.37200571876)
310912.1676590337,204403.4718204843,0,POINT (310912.1676590337 204403.4718204843)
277446.9361855209,195644.47045679344,0,POINT (277446.9361855209 195644.47045679344)
312284.54570705525,217375.16839246295,0,POINT (312284.54570705525 217375.16839246295)
277001.47918275994,219753.08915368494,0,POINT (277001.47918275994 219753.08915368494)
313157.28214701114,201921.66394694665,0,POINT (313157.28214701114 201921.66394694665)
309333.80297930574,206063.12636142274,0,POINT (309333.80297930574 206063.12636142274)
268714.3939907071,197133.0424020438,0,POINT (268714.3939907071 197133.0424020438)
270502.3760748902,216035.0628086308,0,POINT (270502.3760748902 216035.0628086308)
310323.215276051,223226.64610820808,0,POINT (310323.215276051 223226.64610820808)
279223.3753528848,201074.8121897645,0,POINT (279223.3753528848 201074.8121897645)
293962.27697319153,231198.18586011304,0,POINT (293962.27697319153 231198.18586011304)
270821.90211504773,205535.52536697098,0,POINT (270821.90211504773 205535.52536697098)
272110.84539400996,198873.68395630893,0,POINT (272110.84539400996 198873.68395630893)
294308.22132217913,232735.0251420577,0,POINT (294308.22132217913 232735.0251420577)
281984.6842958453,217182.007250262,0,POINT (281984.6842958453 217182.007250262)
287445.9270657377,226646.13487032728,0,POINT (287445.9270657377 226646.13487032728)
284327.5754462715,217526.155176089,0,POINT (284327.5754462715 217526.155176089)
277828.384924034,224445.48720122216,0,POINT (277828.384924034 224445.48720122216)
298324.00935503194,204400.717944,0,POINT (298324.00935503194 204400.717944)
265807.29992953426,198607.90376340362,0,POINT (265807.29992953426 198607.90376340362)
275516.593122319,221705.98743702454,0,POINT (275516.593122319 221705.98743702454)
309921.43808620446,221941.61619252744,0,POINT (309921.43808620446 221941.61619252744)
304667.610037802,230629.573905126,0,POINT (304667.610037802 230629.573905126)
273261.7392697979,214895.4947108414,0,POINT (273261.7392697979 214895.4947108414)
308712.6158667449,224152.19926943356,0,POINT (308712.6158667449 224152.19926943356)
289794.14439241105,211307.34659236282,0,POINT (289794.14439241105 211307.34659236282)
283968.9102374414,203204.50732402154,0,POINT (283968.9102374414 203204.50732402154)
308348.24287606124,224679.46024651887,0,POINT (308348.24287606124 224679.46024651887)
276460.9185127981,211742.2157662692,0,POINT (276460.9185127981 211742.2157662692)
293981.35370500205,209876.10472652025,0,POINT (293981.35370500205 209876.10472652025)
275074.15160415863,198275.81546742885,0,POINT (275074.15160415863 198275.81546742885)
304249.80596739193,212293.70881924246,0,POINT (304249.80596739193 212293.70881924246)
304174.2371375476,197849.9119123115,0,POINT (304174.2371375476 197849.9119123115)
291709.46486799984,205245.7235600792,0,POINT (291709.46486799984 205245.7235600792)
304847.34395568434,209393.37789909684,0,POINT (304847.34395568434 209393.37789909684)
284911.36641649855,216586.04351617413,0,POINT (284911.36641649855 216586.04351617413)
288258.3366882357,202857.59555935682,0,POINT (288258.3366882357 202857.59555935682)
294577.52237079135,207049.26941471233,0,POINT (294577.52237079135 207049.26941471233)
261513.28752488428,219456.31660025305,0,POINT (261513.28752488428 219456.31660025305)
301931.9647789204,203438.21463964428,0,POINT (301931.9647789204 203438.21463964428)
305670.9825069651,198304.46679309558,0,POINT (305670.9825069651 198304.46679309558)
279577.4367102253,200637.07482649767,0,POINT (279577.4367102253 200637.07482649767)
303169.9161500099,212641.09141546738,0,POINT (303169.9161500099 212641.09141546738)
278821.424779876,216982.17179126345,0,POINT (278821.424779876 216982.17179126345)
275891.17205098545,210959.91573267357,0,POINT (275891.17205098545 210959.91573267357)
286012.16919360525,206586.62973017746,0,POINT (286012.16919360525 206586.62973017746)
307901.0120932332,202664.78480432843,0,POINT (307901.0120932332 202664.78480432843)
302422.4510481072,205832.0595794475,0,POINT (302422.4510481072 205832.0595794475)
269424.07195446343,209540.9195346395,0,POINT (269424.07195446343 209540.9195346395)
284983.29329194286,226140.61150919547,0,POINT (284983.29329194286 226140.61150919547)
276150.63955859514,221891.52183634153,0,POINT (276150.63955859514 221891.52183634153)
284784.51373607194,219463.34603127328,0,POINT (284784.51373607194 219463.34603127328)
311134.42845117813,198433.19641121663,0,POINT (311134.42845117813 198433.19641121663)
281095.4694202492,225748.05020937175,0,POINT (281095.4694202492 225748.05020937175)
280130.5444579824,206492.03632277343,0,POINT (280130.5444579824 206492.03632277343)
283403.71956687956,225375.69125094326,0,POINT (283403.71956687956 225375.69125094326)
277279.0835720707,209218.01003187447,0,POINT (277279.0835720707 209218.01003187447)
294751.29579353717,202824.3973825299,0,POINT (294751.29579353717 202824.3973825299)
286236.4060126655,211527.0093904027,0,POINT (286236.4060126655 211527.0093904027)
286127.445004258,201987.90215978364,0,POINT (286127.445004258 201987.90215978364)
271522.4498131523,216068.57213375412,0,POINT (271522.4498131523 216068.57213375412)
288552.5808920693,218674.0588182065,0,POINT (288552.5808920693 218674.0588182065)
311409.2343623255,215168.32852393275,0,POINT (311409.2343623255 215168.32852393275)
303641.8499423251,225327.5103889642,0,POINT (303641.8499423251 225327.5103889642)
264621.2712499416,215748.73472703248,0,POINT (264621.2712499416 215748.73472703248)
280799.9359263651,193891.99065232454,0,POINT (280799.9359263651 193891.99065232454)
276454.0271733535,206258.17658885833,0,POINT (276454.0271733535 206258.17658885833)
296112.3702778942,199916.22970416077,0,POINT (296112.3702778942 199916.22970416077)
278132.25015368283,212831.32322595693,0,POINT (278132.25015368283 212831.32322595693)
309360.13605010096,200586.56989684657,0,POINT (309360.13605010096 200586.56989684657)
277147.0621986511,212587.87097427502,0,POINT (277147.0621986511 212587.87097427502)
278286.0865879164,220843.8819123983,0,POINT (278286.0865879164 220843.8819123983)
305476.40704881115,225718.4616256198,0,POINT (305476.40704881115 225718.4616256198)
298471.7508419631,209055.81240830736,0,POINT (298471.7508419631 209055.81240830736)
282727.45537443337,193345.94527045588,0,POINT (282727.45537443337 193345.94527045588)
313385.7079822688,197675.4132120212,0,POINT (313385.7079822688 197675.4132120212)
278668.9967875089,198338.56080384707,0,POINT (278668.9967875089 198338.56080384707)
297686.9049042999,199671.21187454188,0,POINT (297686.9049042999 199671.21187454188)
287859.78820982546,215507.68248622163,0,POINT (287859.78820982546 215507.68248622163)
294875.16406010924,198315.2485501397,0,POINT (294875.16406010924 198315.2485501397)
302298.04466564336,212508.7294513994,0,POINT (302298.04466564336 212508.7294513994)
284923.7973893818,211753.33797184614,0,POINT (284923.7973893818 211753.33797184614)
295720.3388493594,206828.02504464024,0,POINT (295720.3388493594 206828.02504464024)
311571.42727434996,207823.22343744352,0,POINT (311571.42727434996 207823.22343744352)
