X,Y,OBJECTID,Process_ID,Project,County,Quad,Col_Date,Mvmnt_Date,SM_State,SM_Rate_1,SM_Mat_1,SM_Type_1,SM_Rate_2,SM_Mat_2,SM_Type_2,Slp_Config,Fatalities,Confidence,MapMethod,GlobalID,Sort_Date,IsLandslide,Random_Date,Avg_Rainfall_30day,Max_Rainfall_30day,Max_Rainfall_3day,R1d,R3d,R7d,R30d,API_14
295977.8373816837,197386.61687492783,,,,,,,,,,,,,,,,,,,,,0,2017-06-12 21:11:30,4.3713332715754705,32.71099853515625,2.921999931335449,0.0,2.921999931335449,13.158999681472778,131.13999814726412,38.25241774799113
262297.38010475505,216006.24890743507,,,,,,,,,,,,,,,,,,,,,0,2020-11-13 11:16:29,3.335233365992705,36.111000061035156,27.599000930786133,27.599000930786133,36.29800081253052,36.29800081253052,100.05700097978115,57.986675294321955
296696.535899024,209154.00583584773,,,,,,,,,,,,,,,,,,,,,0,2020-04-09 14:13:57,2.36086669874688,29.51300048828125,0.0,0.0,0.0,0.8690000176429749,70.8260009624064,23.791099358840025
283780.0800445007,217134.0081634361,,,,,,,,,,,,,,,,,,,,,0,2019-03-12 22:52:32,5.246666683753332,21.354999542236328,8.725000381469727,0.0,16.521000385284424,16.521000385284424,157.40000051259995,58.35096843704896
284811.34456544067,218008.98112675853,,,,,,,,,,,,,,,,,,,,,0,2019-03-02 06:04:02,4.00633331934611,21.354999542236328,4.191999912261963,4.191999912261963,4.191999912261963,26.205999851226807,120.1899995803833,64.7206610215463
291305.7860813208,218032.6655896626,,,,,,,,,,,,,,,,,,,,,0,2021-04-16 22:35:19,6.026893186817566,63.070796966552734,0.24969999492168427,0.24969999492168427,0.3572999909520149,27.356099672615528,180.806795604527,55.58218744473884
281199.8460000024,195284.1229707344,,,,,,,,,,,,,,,,,,,,,0,2017-06-06 20:25:08,4.697600079638263,38.928001403808594,6.201000213623047,6.201000213623047,6.201000213623047,7.534000249579549,140.92800238914788,56.17476993646231
262203.8620233211,220999.52141356491,,,,,,,,,,,,,,,,,,,,,0,2020-06-26 16:43:10,2.9344333482751,24.02199935913086,8.85200023651123,0.0,13.106000423431396,33.510000467300415,88.033000448253,49.52101484547406
308883.7073431237,225747.69264348512,,,,,,,,,,,,,,,,,,,,,0,2018-01-03 16:21:56,3.4438332757602135,34.625999450683594,0.5849999785423279,0.0,0.5849999785423279,0.5849999785423279,103.3149982728064,35.148550165564245
296281.110349306,224787.33184031633,,,,,,,,,,,,,,,,,,,,,0,2017-06-21 20:58:04,4.910599939525127,41.25,3.5380001068115234,3.5380001068115234,6.488000154495239,37.727999806404114,147.31799818575382,46.139835130900195
296343.7659014195,232482.75778697917,,,,,,,,,,,,,,,,,,,,,0,2019-08-19 19:46:45,3.810500036366284,51.005001068115234,0.0,0.0,0.0,18.81599998474121,114.31500109098852,33.14372731575412
301681.4397773922,196382.0375348777,,,,,,,,,,,,,,,,,,,,,0,2021-11-16 12:15:32,1.7568566249373059,22.886199951171875,0.0,0.0,0.0,22.886199951171875,52.705698748119175,28.165716718054615
291993.7542757035,194023.70448519263,,,,,,,,,,,,,,,,,,,,,0,2020-09-04 17:57:13,6.205533326102886,36.994998931884766,2.2860000133514404,0.0,3.815999984741211,21.781000196933746,186.1659997830866,60.01285005696983
294611.1845791601,210389.21022478509,,,,,,,,,,,,,,,,,,,,,0,2020-10-21 01:55:08,3.5648000500475368,43.124000549316406,0.0,0.0,0.0,0.2720000147819519,106.9440015014261,35.406326374295006
298707.7642072787,227090.12609979487,,,,,,,,,,,,,,,,,,,,,0,2020-08-02 09:30:17,3.4281333401139515,28.041000366210938,28.041000366210938,28.041000366210938,49.09100079536438,57.768000558018684,102.84400020341855,66.34418190819238
304678.1413204821,202295.9915056737,,,,,,,,,,,,,,,,,,,,,0,2020-12-05 13:36:59,2.593300014734268,22.29400062561035,0.0,0.0,0.0,18.29299908876419,77.79900044202805,29.64624097193492
279983.61651590216,226497.5149395914,,,,,,,,,,,,,,,,,,,,,0,2019-07-26 15:19:26,3.694100038552036,50.2130012512207,50.2130012512207,0.0,62.4900016784668,76.85200138669461,110.82300115656108,78.4966235234945
286040.42641257646,194416.6296667824,,,,,,,,,,,,,,,,,,,,,0,2017-08-22 19:22:37,4.7910667012600845,27.389999389648438,0.0,0.0,0.0,18.3580002784729,143.73200103780255,61.91297053976739
268044.9334001469,199161.92772223736,,,,,,,,,,,,,,,,,,,,,0,2021-03-13 12:58:20,3.375109921892484,19.34980010986328,0.0,0.0,0.0,0.0,101.25329765677452,26.738519300449838
267446.6306215049,210865.48257283983,,,,,,,,,,,,,,,,,,,,,0,2019-04-02 22:54:14,2.3358333269755045,13.123000144958496,9.630999565124512,0.0,9.630999565124512,14.687999725341797,70.07499980926514,25.877606748007285
285172.870290744,195038.2330347438,,,,,,,,,,,,,,,,,,,,,0,2019-07-03 03:24:50,7.027066645026207,47.5629997253418,0.0,0.0,0.0,0.0,210.8119993507862,59.584712807953096
310075.0461938707,202373.72651988477,,,,,,,,,,,,,,,,,,,,,0,2018-11-08 16:57:12,9.181366608291864,116.98600006103516,7.873000144958496,6.7170000076293945,15.347000181674957,30.547999918460846,275.44099824875593,76.8633822930436
308887.4663614198,206683.74023809473,,,,,,,,,,,,,,,,,,,,,0,2017-11-30 03:40:26,1.4848666508992514,16.638999938964844,0.0,0.0,0.0,0.0,44.54599952697754,10.787203957180548
269544.15107610024,199497.7643395347,,,,,,,,,,,,,,,,,,,,,0,2021-08-19 08:18:23,10.709036498673958,129.69400024414062,129.69400024414062,129.69400024414062,207.88769912719727,230.26549887657166,321.27109496021876,253.6049642769384
287146.3582696513,213372.4193493001,,,,,,,,,,,,,,,,,,,,,0,2020-11-27 08:39:16,3.4199667314688367,55.19200134277344,5.418000221252441,5.418000221252441,5.418000221252441,5.902000218629837,102.5990019440651,25.60227686057236
304326.3520483367,208759.80389638757,,,,,,,,,,,,,,,,,,,,,0,2020-03-21 01:17:32,1.9164333338538806,14.598999977111816,3.421999931335449,0.0,4.585999965667725,9.818000063300133,57.49300001561642,21.070566268926203
298108.12061488384,212360.6144733499,,,,,,,,,,,,,,,,,,,,,0,2019-01-05 09:44:56,7.374099920069178,58.82099914550781,15.217000007629395,7.513999938964844,22.73099994659424,49.25099955499172,221.22299760207534,107.23665866096549
298720.9902987207,197121.84393160668,,,,,,,,,,,,,,,,,,,,,0,2021-02-10 12:57:31,1.545993282770117,15.570099830627441,8.34999942779541,0.0,8.415999427437782,9.445099368691444,46.379798483103514,23.74685482662372
281428.9920811366,201967.2410436962,,,,,,,,,,,,,,,,,,,,,0,2019-09-23 09:47:43,0.5358333414963757,6.064000129699707,0.0,0.0,0.0,0.0010000000474974513,16.07500024489127,4.72902754977399
279410.43073679873,199717.0465938923,,,,,,,,,,,,,,,,,,,,,0,2019-03-21 05:32:30,4.645466697464387,27.25200080871582,0.0,0.0,0.0,10.42799997329712,139.3640009239316,36.399285907457084
288097.39490895916,227347.49111880505,,,,,,,,,,,,,,,,,,,,,0,2019-04-03 02:07:42,2.0332333557773383,11.239999771118164,10.050000190734863,0.0,10.050000190734863,10.050000190734863,60.997000673320144,22.466985509106618
294075.8732906035,213252.50891902455,,,,,,,,,,,,,,,,,,,,,0,2018-02-19 17:03:21,3.0874666968981423,26.968000411987305,1.0420000553131104,1.0420000553131104,1.7380000352859497,11.346000075340271,92.62400090694427,43.45274744929095
302033.79271886166,213226.1425519652,,,,,,,,,,,,,,,,,,,,,0,2017-06-18 03:33:10,5.385366615521101,36.625999450683594,13.62399959564209,1.6230000257492065,15.246999621391296,23.109999775886536,161.56099846563302,46.29352906833135
281095.53250811243,227267.8214535509,,,,,,,,,,,,,,,,,,,,,0,2019-10-10 02:48:49,0.846266690082848,12.817000389099121,12.817000389099121,2.0810000896453857,14.898000478744507,14.898000478744507,25.388000702485442,16.970726540281547
300195.4524689377,204855.04798150068,,,,,,,,,,,,,,,,,,,,,0,2021-06-09 09:34:30,2.224503275658935,23.981698989868164,10.272899627685547,10.272899627685547,11.201699629426003,12.57409955561161,66.73509826976806,30.612221572966757
290868.6350536636,222783.36142191404,,,,,,,,,,,,,,,,,,,,,0,2017-04-27 11:11:44,6.4039333383242285,34.96799850463867,30.784000396728516,0.0,32.04300034046173,94.79100143909454,192.11800014972687,95.53661635740738
292428.9648212555,198806.89815639923,,,,,,,,,,,,,,,,,,,,,0,2021-04-16 09:09:31,7.084113193551699,73.7688980102539,0.3536999821662903,0.08980000019073486,0.44349998235702515,28.701800048351288,212.52339580655098,63.13208911451704
260564.880950284,217961.05108540657,,,,,,,,,,,,,,,,,,,,,0,2021-02-19 10:14:43,5.425923187534014,26.391698837280273,26.391698837280273,26.391698837280273,40.49129867553711,73.04759788513184,162.77769562602043,84.08623783016122
278407.22811708134,204781.2030359496,,,,,,,,,,,,,,,,,,,,,0,2018-05-21 02:04:28,6.491199964781602,47.733001708984375,25.336999893188477,15.4399995803833,63.530999183654785,107.4189977645874,194.73599894344807,112.93360346288232
276837.54566956626,205400.0305907294,,,,,,,,,,,,,,,,,,,,,0,2020-02-27 18:54:02,6.056166704495748,54.04199981689453,12.147000312805176,0.0,14.564000368118286,20.378000497817993,181.68500113487244,65.6879789166432
314619.98691797385,197584.9568096937,,,,,,,,,,,,,,,,,,,,,0,2017-10-29 13:02:01,8.07063330610593,103.86399841308594,0.0,0.0,0.0,103.72700119018555,242.11899918317795,113.35689021137361
271444.98922802514,208735.8867930462,,,,,,,,,,,,,,,,,,,,,0,2020-10-15 12:14:34,6.416066644589106,53.84700012207031,3.059999942779541,0.0,3.059999942779541,65.4850001335144,192.4819993376732,83.45083563353255
305876.2266789072,209102.19440395824,,,,,,,,,,,,,,,,,,,,,0,2020-07-02 10:54:21,2.260599999486779,13.916999816894531,10.151000022888184,0.0,10.153000022983178,10.153000022983178,67.81799998460338,30.463614218442107
306327.5361796352,215167.30813653697,,,,,,,,,,,,,,,,,,,,,0,2018-10-10 00:14:14,9.396233379344146,106.8759994506836,11.529000282287598,11.529000282287598,17.034000158309937,17.034000158309937,281.88700138032436,79.48346149331938
275773.8905679177,203350.59604126352,,,,,,,,,,,,,,,,,,,,,0,2017-05-04 22:53:45,5.999000066518784,34.79100036621094,19.187000274658203,0.0,20.315000295639038,20.95100027322769,179.9700019955635,79.69399796531236
285994.14767036773,214806.13250433095,,,,,,,,,,,,,,,,,,,,,0,2021-11-07 12:34:24,2.3551865617434182,35.488197326660156,2.34879994392395,0.0,3.2268999218940735,5.050699889659882,70.65559685230255,20.320379319272813
286052.9129300516,208146.18274643112,,,,,,,,,,,,,,,,,,,,,0,2019-03-25 09:06:42,2.5611666679382323,11.307999610900879,4.90500020980835,0.0,4.90500020980835,4.90500020980835,76.83500003814697,23.994097155422697
275347.2141801184,214676.60174837903,,,,,,,,,,,,,,,,,,,,,0,2021-06-18 22:42:18,2.0548499379850305,16.623998641967773,0.0,0.0,0.0,17.467699617147446,61.64549813955091,27.362063047036504
308625.51698581566,220746.64462786613,,,,,,,,,,,,,,,,,,,,,0,2020-05-22 04:51:09,8.474366760253906,57.71900177001953,57.165000915527344,50.51900100708008,146.47700119018555,146.47700119018555,254.2310028076172,162.30168011750422
281328.9410088084,227268.55965138285,,,,,,,,,,,,,,,,,,,,,0,2020-11-21 13:11:49,3.1767333641648294,32.707000732421875,0.0,0.0,0.0,0.0,95.30200092494488,32.45528504891891
265954.62234147824,221524.94592675348,,,,,,,,,,,,,,,,,,,,,0,2020-10-18 19:35:43,5.503266740838686,55.62200164794922,0.42399999499320984,0.42399999499320984,0.42399999499320984,61.909001648426056,165.0980022251606,65.67831973850568
284681.2445665745,208784.25486948848,,,,,,,,,,,,,,,,,,,,,0,2017-12-22 05:10:31,2.16743338353311,21.891000747680664,21.197999954223633,21.197999954223633,29.824000358581543,29.824000358581543,65.0230015059933,43.18840851534299
277916.9486868576,210848.3918667915,,,,,,,,,,,,,,,,,,,,,0,2019-05-02 18:22:47,5.607133225599925,67.36599731445312,0.0,0.0,0.0,3.2350000739097595,168.21399676799774,61.23121523613041
285085.22295880236,221173.1100035229,,,,,,,,,,,,,,,,,,,,,0,2019-06-28 11:16:10,6.164566531280676,36.52399826049805,2.6619999408721924,0.0,2.6619999408721924,35.435999155044556,184.9369959384203,83.5563969606981
298733.8440708139,229834.503341134,,,,,,,,,,,,,,,,,,,,,0,2017-03-21 22:36:17,2.6294333107769488,25.92099952697754,25.92099952697754,0.0,27.041999578475952,33.93199968338013,78.88299932330847,43.92707342348199
288456.80762073083,202107.5731785522,,,,,,,,,,,,,,,,,,,,,0,2019-09-25 11:44:39,0.7777333507935206,10.777000427246094,0.0,0.0,0.0,0.2199999988079071,23.33200052380562,10.205529102242746
260950.9551570225,214720.13493842803,,,,,,,,,,,,,,,,,,,,,0,2017-10-09 13:52:47,2.160966626430551,54.60599899291992,1.3539999723434448,1.3539999723434448,1.3539999723434448,1.3539999723434448,64.82899879291654,12.069980863473008
264339.8298097158,217090.9862981884,,,,,,,,,,,,,,,,,,,,,0,2020-09-18 15:51:53,4.26676666966329,17.31800079345703,15.8100004196167,15.8100004196167,17.123000383377075,33.255000591278076,128.0030000898987,48.38596407482728
267839.5864943174,193391.03910480737,,,,,,,,,,,,,,,,,,,,,0,2020-05-31 13:32:38,5.902699965238571,45.016998291015625,5.814000129699707,0.7829999923706055,7.228000104427338,34.03400015830994,177.08099895715714,92.97171517393919
280030.5912618503,206122.92272221457,,,,,,,,,,,,,,,,,,,,,0,2021-08-11 14:43:09,3.932759867111842,28.22209930419922,14.123199462890625,1.3044999837875366,15.427699446678162,20.802299082279205,117.98279601335526,38.70378476097306
294206.7932488048,228669.13493605104,,,,,,,,,,,,,,,,,,,,,0,2020-09-21 04:34:56,4.122133306662241,20.650999069213867,20.650999069213867,0.0,20.650999069213867,37.77099907398224,123.66399919986725,57.62515387380143
289565.7030422309,228141.9769110301,,,,,,,,,,,,,,,,,,,,,0,2018-11-01 02:56:54,3.7579334121818344,36.255001068115234,2.8580000400543213,0.0,2.8580000400543213,41.77300047874451,112.73800236545503,49.45222634008903
267151.70780258504,211174.89333103248,,,,,,,,,,,,,,,,,,,,,0,2021-11-01 16:55:34,4.422293174328903,44.34269714355469,8.80459976196289,3.7458999156951904,21.039299726486206,21.066399725154042,132.6687952298671,39.78462175489696
267633.52194188227,215663.4263903174,,,,,,,,,,,,,,,,,,,,,0,2019-01-20 19:14:43,5.871099996566772,49.81100082397461,3.811000108718872,0.0,3.811000108718872,21.098999463021755,176.13299989700317,48.461038575352326
297627.52076492447,222831.5047620895,,,,,,,,,,,,,,,,,,,,,0,2018-08-18 15:09:02,6.917800069848696,60.84400177001953,0.0,0.0,0.0,10.377000331878662,207.5340020954609,75.53567885156869
296768.4878471714,196040.35364425677,,,,,,,,,,,,,,,,,,,,,0,2021-07-11 14:27:59,4.380936542153359,32.594600677490234,4.8414998054504395,4.8414998054504395,10.992099523544312,10.992099523544312,131.42809626460075,41.281609571889405
282764.39093243034,206995.0136206504,,,,,,,,,,,,,,,,,,,,,0,2018-11-08 02:08:06,5.984833317591498,62.57600021362305,7.960999965667725,7.960999965667725,18.113999843597412,33.16300010681152,179.54499952774495,63.54991318222774
300177.2599256228,215329.19244520125,,,,,,,,,,,,,,,,,,,,,0,2017-05-20 07:49:53,6.3353665793275775,42.99399948120117,0.0,0.0,0.0,15.191000401973724,190.0609973798273,53.45786659743484
287855.1961629901,194376.6811604608,,,,,,,,,,,,,,,,,,,,,0,2019-05-07 22:32:40,8.229466585318248,124.1709976196289,21.608999252319336,10.354999542236328,32.642998814582825,32.642998814582825,246.88399755954742,90.56162043617294
298843.41885343415,209286.9704263076,,,,,,,,,,,,,,,,,,,,,0,2020-12-23 02:46:58,2.7043666895478964,28.229000091552734,0.0,0.0,0.0,8.42199993133545,81.13100068643689,32.68526664497521
271992.3493229556,223177.65924935855,,,,,,,,,,,,,,,,,,,,,0,2017-12-12 18:50:43,1.5432999779780705,17.02199935913086,17.02199935913086,0.0,18.102999329566956,32.28499889373779,46.29899933934212,29.186513502105818
304307.948355871,222254.1331734181,,,,,,,,,,,,,,,,,,,,,0,2019-04-25 20:47:49,7.8833665708700815,100.74099731445312,0.0,0.0,0.0,118.76099681854248,236.50099712610245,136.05322417418614
290571.69142011966,209426.8205610155,,,,,,,,,,,,,,,,,,,,,0,2017-08-26 02:33:42,2.6806333559254805,16.48200035095215,0.0,0.0,0.0,0.04600000008940697,80.41900067776442,25.14625505769199
267100.69685084664,197948.22625584737,,,,,,,,,,,,,,,,,,,,,0,2020-06-06 19:44:44,4.401933338741461,31.326000213623047,6.894999980926514,6.894999980926514,6.894999980926514,7.95799994468689,132.05800016224384,48.77773518451619
267104.2006332814,218388.5065648572,,,,,,,,,,,,,,,,,,,,,0,2019-05-19 03:52:32,6.565700112217261,65.2300033569336,1.7369999885559082,1.5329999923706055,3.2699999809265137,51.73899984359741,196.97100336651783,70.22892249156513
284201.97579311667,193096.21686332228,,,,,,,,,,,,,,,,,,,,,0,2018-08-26 14:35:57,7.864833386552831,53.10900115966797,0.0,0.0,0.0,29.586000204086304,235.94500159658492,79.69964215036589
296830.48333557445,204631.03063258348,,,,,,,,,,,,,,,,,,,,,0,2018-02-19 02:37:46,4.141233350833257,31.53700065612793,1.0759999752044678,1.0759999752044678,1.6119999885559082,11.724999904632568,124.23700052499771,55.19249899777577
269415.79234918347,219422.4598037967,,,,,,,,,,,,,,,,,,,,,0,2019-10-28 05:05:43,3.6890333194751292,30.735000610351562,21.740999221801758,21.740999221801758,35.30599880218506,45.75499876216054,110.67099958425388,68.59419767672802
303780.5449002297,211535.4612988252,,,,,,,,,,,,,,,,,,,,,0,2020-05-07 09:51:10,5.7694333529720705,67.26300048828125,1.527999997138977,0.05000000074505806,1.577999997884035,61.444001127034426,173.0830005891621,68.5193826767867
280311.6763841364,195494.62753160665,,,,,,,,,,,,,,,,,,,,,0,2021-09-13 01:24:25,10.354976348082225,110.2179946899414,0.0,0.0,0.0,4.526199758052826,310.64929044246674,70.03749803005238
307301.77579457173,215498.9872315555,,,,,,,,,,,,,,,,,,,,,0,2019-03-09 19:15:14,6.4481333644439776,24.573999404907227,0.27799999713897705,0.27799999713897705,0.27799999713897705,33.78700077533722,193.44400093331933,74.46412285282138
288755.953494701,225609.16445015036,,,,,,,,,,,,,,,,,,,,,0,2017-10-21 06:08:29,1.8891666491826375,31.458999633789062,0.0,0.0,0.0,10.265000343322754,56.674999475479126,26.450714794453262
305938.1394901694,217402.00979289704,,,,,,,,,,,,,,,,,,,,,0,2021-02-28 15:18:17,3.682403228866557,18.37299919128418,14.895699501037598,14.895699501037598,14.895699501037598,21.96139919757843,110.47209686599672,53.22822924474487
298472.9905518534,199044.33388644672,,,,,,,,,,,,,,,,,,,,,0,2020-02-24 07:40:35,6.249133318662643,52.779998779296875,5.678999900817871,0.0,5.678999900817871,12.190000057220459,187.4739995598793,66.22115848776741
285845.62517962063,221739.07645708043,,,,,,,,,,,,,,,,,,,,,0,2020-07-01 23:36:41,2.2811000084892536,11.958000183105469,11.958000183105469,0.2150000035762787,15.521000236272812,22.8690000732895,68.43300025467761,35.75843716072416
265545.9034812042,219440.78019839295,,,,,,,,,,,,,,,,,,,,,0,2017-06-27 10:31:35,2.8323999692996344,20.503999710083008,13.82699966430664,0.0,14.254999667406082,29.327999621629715,84.97199907898903,42.35335205357076
283619.23303147923,224139.89328437115,,,,,,,,,,,,,,,,,,,,,0,2018-07-25 01:39:32,5.611099993619913,23.31599998474121,12.194000244140625,0.20100000500679016,17.556000024080276,37.61300054192543,168.33299980859738,66.15605241676703
312957.1859961221,213027.37492935287,,,,,,,,,,,,,,,,,,,,,0,2020-11-02 07:33:48,6.520933378604241,82.11900329589844,14.942999839782715,4.163000106811523,19.10599994659424,105.3610030671116,195.62800135812722,110.55306077856584
295020.20716471673,211115.5840317018,,,,,,,,,,,,,,,,,,,,,0,2021-02-27 20:58:45,2.8634599044919016,18.320798873901367,0.0,0.0,0.0,4.010199785232544,85.90379713475704,36.29255295088546
295052.9961631003,220336.00395053875,,,,,,,,,,,,,,,,,,,,,0,2019-03-06 06:29:24,4.940266684194406,20.41200065612793,11.913000106811523,0.0,11.913000106811523,29.42099952697754,148.20800052583218,70.79791725837694
293269.89815202216,230278.37641486523,,,,,,,,,,,,,,,,,,,,,0,2021-01-08 16:40:43,3.21481324210763,32.439998626708984,3.211699962615967,0.0,4.791499972343445,22.35039919614792,96.4443972632289,37.40755179611598
276202.6832523369,220628.58238229132,,,,,,,,,,,,,,,,,,,,,0,2021-03-17 02:06:13,2.4346599457164606,21.97570037841797,4.067500114440918,4.067500114440918,5.359400033950806,6.412899971008301,73.03979837149382,21.56459161950455
300995.54429584177,209176.0544303503,,,,,,,,,,,,,,,,,,,,,0,2018-12-09 03:33:10,4.367800078292688,40.56100082397461,0.0,0.0,0.0,8.319000244140625,131.03400234878063,35.94055420961304
306456.71921938384,208689.4892348872,,,,,,,,,,,,,,,,,,,,,0,2021-06-28 00:14:16,3.620673304796219,19.081899642944336,0.49239999055862427,0.49239999055862427,0.49239999055862427,21.534100115299225,108.62019914388657,44.2572607129338
319648.38946898264,202513.40578903785,,,,,,,,,,,,,,,,,,,,,0,2018-06-11 04:46:15,16.770933460940917,152.29100036621094,0.0,0.0,0.0,0.0,503.1280038282275,170.6682719680778
313058.7396577496,222395.25442200448,,,,,,,,,,,,,,,,,,,,,0,2018-03-14 04:37:51,3.8720333851873874,21.7810001373291,19.033000946044922,1.6970000267028809,22.237000942230225,29.712001018226147,116.16100155562162,54.22127586762361
310861.95070030005,222204.39045909143,,,,,,,,,,,,,,,,,,,,,0,2020-05-30 13:18:11,10.809033533589293,76.36100006103516,12.036999702453613,3.502000093460083,23.13699984550476,44.37700033187866,324.2710060076788,153.83776033085454
297007.81538619235,211235.08680251407,,,,,,,,,,,,,,,,,,,,,0,2020-03-08 02:10:04,4.4523666570583975,49.51599884033203,0.0,0.0,0.0,16.131000518798828,133.57099971175194,38.979391886952264
267617.9238032776,194364.93016134953,,,,,,,,,,,,,,,,,,,,,0,2017-09-13 01:09:31,5.266199921444058,71.03299713134766,71.03299713134766,71.03299713134766,72.38599717617035,98.75499761104584,157.98599764332175,113.94686292918846
282146.01503208856,204636.57235751787,,,,,,,,,,,,,,,,,,,,,0,2021-02-28 17:52:10,3.5381065850456555,20.484600067138672,15.250499725341797,15.250499725341797,15.250499725341797,22.152299463748932,106.14319755136967,51.58578741548645
294873.9878995816,194554.16893403852,,,,,,,,,,,,,,,,,,,,,0,2017-12-31 19:58:45,2.1343666474024454,24.944000244140625,0.0,0.0,0.0,3.11299991607666,64.03099942207336,21.927582732575146
293583.13704552845,202184.39108550356,,,,,,,,,,,,,,,,,,,,,0,2021-01-08 22:34:52,3.782103303819895,34.659000396728516,0.5730999708175659,0.0,1.0296999514102936,33.90509858727455,113.46309911459684,46.59744339400411
292670.11931039236,227691.4349989124,,,,,,,,,,,,,,,,,,,,,0,2017-01-14 10:28:02,2.5913076830598025,10.637999534606934,1.187000036239624,0.0,1.187000036239624,12.207000017166138,33.68699987977743,18.42379019162793
300457.8718929105,218604.9946880248,,,,,,,,,,,,,,,,,,,,,0,2020-12-25 05:42:19,3.011999960472652,26.774999618530273,1.4459999799728394,1.4459999799728394,1.4489999799989164,1.4499999800464138,90.35999881417956,32.444222427152354
286751.4061245128,215787.8277622347,,,,,,,,,,,,,,,,,,,,,0,2020-12-07 03:17:15,2.153399998135865,18.80900001525879,15.454999923706055,0.0,15.454999923706055,31.8370001912117,64.60199994407594,32.47733822317404
289230.0893147663,211949.81209238336,,,,,,,,,,,,,,,,,,,,,0,2020-11-25 03:57:25,3.261500056584676,55.19200134277344,0.48399999737739563,0.0,0.48399999737739563,0.48399999737739563,97.84500169754028,23.367542723495607
261070.43721072492,217570.15151295063,,,,,,,,,,,,,,,,,,,,,0,2020-04-28 08:28:03,4.676433404178048,65.25700378417969,6.961999893188477,1.1480000019073486,8.848999917507172,29.12199968099594,140.29300212534145,66.60018915752929
271940.7756022945,205642.95520063263,,,,,,,,,,,,,,,,,,,,,0,2019-05-11 14:38:27,5.316499948501587,60.2859992980957,0.0,0.0,0.0,28.95599901676178,159.4949984550476,49.81910725004688
302792.3401294827,200912.35878856768,,,,,,,,,,,,,,,,,,,,,0,2020-07-10 22:14:36,2.763500007862846,26.905000686645508,2.631999969482422,0.47999998927116394,4.529999941587448,5.7539999186992645,82.90500023588538,24.794892942149804
294340.4252158123,232799.53252910724,,,,,,,,,,,,,,,,,,,,,0,2018-05-21 17:55:37,4.736766674121221,27.441999435424805,27.441999435424805,11.125,57.64099884033203,100.26099967956543,142.10300022363663,96.20067954571401
274170.1353511428,212613.67609420329,,,,,,,,,,,,,,,,,,,,,0,2020-11-25 19:55:53,3.333500056279202,41.810001373291016,0.7139999866485596,0.0,0.7139999866485596,0.7139999866485596,100.00500168837607,27.52690279945424
263117.7641575098,221585.25734002932,,,,,,,,,,,,,,,,,,,,,0,2019-10-12 01:20:12,1.241566640883684,9.661999702453613,9.661999702453613,0.0,9.672999702394009,21.83299931138754,37.246999226510525,21.74827374934912
294424.89015212684,204597.95005167864,,,,,,,,,,,,,,,,,,,,,0,2019-04-18 12:30:39,3.4770666951934497,36.04199981689453,36.04199981689453,0.0,36.04199981689453,55.25700008869171,104.31200085580349,67.75137840674701
282274.29914903303,202645.29086470412,,,,,,,,,,,,,,,,,,,,,0,2019-07-12 17:33:13,4.130366711659978,27.148000717163086,0.004999999888241291,0.004999999888241291,0.004999999888241291,29.045000676997006,123.91100134979934,53.78873613186431
274123.6914793266,210497.0450807494,,,,,,,,,,,,,,,,,,,,,0,2019-11-04 22:51:51,4.9508000691731775,36.11000061035156,9.859000205993652,0.0,9.859000205993652,47.52600085735321,148.5240020751953,84.6545351960172
301162.482642568,212799.98953286745,,,,,,,,,,,,,,,,,,,,,0,2017-03-10 00:05:21,1.4108999942739804,10.484999656677246,3.552999973297119,0.0,4.343999981880188,4.343999981880188,42.326999828219414,17.77328905339407
306341.54989334213,223893.8482513999,,,,,,,,,,,,,,,,,,,,,0,2017-09-13 03:06:30,7.015966657948836,104.44599914550781,104.44599914550781,104.44599914550781,104.44599914550781,128.9399995803833,210.47899973846506,144.83701574997428
309441.43679327134,198124.02784937632,,,,,,,,,,,,,,,,,,,,,0,2018-03-25 00:04:30,2.926666647506257,24.799999237060547,0.3540000021457672,0.3540000021457672,0.6990000009536743,19.860999882221222,87.7999994251877,33.28113010004133
307292.08575269795,217037.46136377376,,,,,,,,,,,,,,,,,,,,,0,2017-07-29 00:25:01,4.920099970166727,36.319000244140625,7.932000160217285,5.758999824523926,13.690999984741211,17.518000096082687,147.6029991050018,50.98935766788314
295808.48625471006,218307.39209112377,,,,,,,,,,,,,,,,,,,,,0,2019-03-14 07:04:28,5.629166676104068,20.41200065612793,4.3470001220703125,0.0,4.3470001220703125,23.068999707698822,168.87500028312206,58.25192604908834
317895.5608243001,203735.13651114597,,,,,,,,,,,,,,,,,,,,,0,2020-05-04 20:02:58,6.135233366489411,72.18199920654297,0.0,0.0,0.0,72.25599920749664,184.0570009946823,94.10240577305913
275517.8842169515,221092.5065125824,,,,,,,,,,,,,,,,,,,,,0,2020-04-09 07:59:02,2.7530666733781497,30.38599967956543,0.0,0.0,0.0,0.8410000205039978,82.59200020134449,26.5640548727929
294496.6340422133,219322.92251301857,,,,,,,,,,,,,,,,,,,,,0,2019-05-10 18:00:49,6.085966537132238,87.96499633789062,3.184000015258789,3.184000015258789,3.184000015258789,43.00800051889382,182.57899611396715,66.96604569863175
300563.60961106914,210078.14163755477,,,,,,,,,,,,,,,,,,,,,0,2021-04-10 12:30:15,6.334439725304644,72.71319580078125,0.0,0.0,0.0,0.0,190.0331917591393,63.76389950242053
302871.58543652843,216893.38570746803,,,,,,,,,,,,,,,,,,,,,0,2019-10-29 13:20:29,3.740066688445707,30.860000610351562,26.079999923706055,0.0,34.06999969482422,58.77799987792969,112.20200065337121,71.33590189732618
307420.7594237299,228549.31194607177,,,,,,,,,,,,,,,,,,,,,0,2017-05-25 12:50:46,8.2308668060073,57.34400177001953,42.60100173950195,42.60100173950195,81.63400268554688,108.75900247693062,246.92600418021902,136.12614130999458
305724.3912375411,225932.83387243113,,,,,,,,,,,,,,,,,,,,,0,2020-10-28 02:56:59,2.9323000095474225,41.81399917602539,10.737000465393066,0.0,11.786000490188599,11.801000489853323,87.96900028642267,30.635924619504028
298447.3710759865,231993.94225830268,,,,,,,,,,,,,,,,,,,,,0,2019-11-15 15:30:26,3.131533387551705,19.31100082397461,4.330999851226807,0.0,5.7809998989105225,11.110999822616577,93.94600162655115,31.013010646420486
302222.7122031373,233120.1463085898,,,,,,,,,,,,,,,,,,,,,0,2020-03-04 08:39:44,6.97416678853333,49.58100128173828,5.336999893188477,5.336999893188477,5.336999893188477,14.51800000667572,209.2250036559999,58.74333707800474
289832.5711933171,209555.7705659328,,,,,,,,,,,,,,,,,,,,,0,2019-10-29 19:21:05,3.850866711139679,29.35300064086914,29.35300064086914,0.0,39.29900074005127,61.07600164413452,115.52600133419037,72.69977658096457
311253.54540926864,205636.68506329157,,,,,,,,,,,,,,,,,,,,,0,2019-10-08 06:46:39,1.726333310206731,20.691999435424805,2.121000051498413,2.121000051498413,3.468000054359436,14.014000058174133,51.789999306201935,20.120617580351894
279003.05079448276,213789.0761718137,,,,,,,,,,,,,,,,,,,,,0,2017-06-15 06:48:33,3.2633000213652847,26.2810001373291,7.821000099182129,7.821000099182129,7.9700001031160355,11.137000158429146,97.89900064095855,31.048297076977946
266201.3893780381,200391.34602811857,,,,,,,,,,,,,,,,,,,,,0,2019-10-18 13:16:25,1.6355333200927513,22.7810001373291,1.4119999408721924,0.3370000123977661,1.7489999532699585,2.309999942779541,49.06599960278254,18.7060741987658
295445.51491012407,226879.22579800023,,,,,,,,,,,,,,,,,,,,,0,2020-12-21 17:10:21,3.1478999972343447,28.844999313354492,0.0,0.0,0.0,43.94399976730347,94.43699991703033,45.12685342353649
312056.2611729487,212150.64293607723,,,,,,,,,,,,,,,,,,,,,0,2018-07-09 17:00:51,4.966733401020368,29.040000915527344,27.812000274658203,9.394000053405762,37.206000328063965,62.30100059509277,149.00200203061104,81.45733922518667
296446.95718918456,209036.90837595877,,,,,,,,,,,,,,,,,,,,,0,2020-01-06 04:18:54,3.5565332531929017,17.764999389648438,16.45199966430664,0.9729999899864197,25.34099954366684,30.534999310970306,106.69599759578705,47.39132518088151
301417.83150896226,213805.17043241585,,,,,,,,,,,,,,,,,,,,,0,2017-02-26 05:49:16,0.7853000084559123,9.097000122070312,2.4860000610351562,0.14900000393390656,2.635000064969063,2.9380000680685043,23.559000253677368,10.389806951741756
282775.4623067645,204734.56645592116,,,,,,,,,,,,,,,,,,,,,0,2018-09-27 04:27:54,3.156600041155859,29.283000946044922,10.095000267028809,0.2750000059604645,10.386000273749232,10.386000273749232,94.69800123467576,45.87262253810849
274460.87657231826,213216.70915068057,,,,,,,,,,,,,,,,,,,,,0,2019-03-09 00:13:17,5.705933327476184,22.37299919128418,0.0,0.0,0.0,20.413000106811523,171.1779998242855,63.66048948827705
279930.5280857175,220779.47458048348,,,,,,,,,,,,,,,,,,,,,0,2021-11-29 11:56:29,0.9775466493641337,12.075900077819824,0.012000000104308128,0.0,0.012000000104308128,3.670699989423156,29.32639948092401,8.169479102360395
286949.6255264719,208594.85573005996,,,,,,,,,,,,,,,,,,,,,0,2018-01-27 14:48:31,2.0991332828998566,43.23899841308594,0.0,0.0,0.0,5.192999839782715,62.9739984869957,26.16173094975696
297656.6714168138,229958.02574809192,,,,,,,,,,,,,,,,,,,,,0,2018-05-20 16:49:00,4.284433252488573,25.347000122070312,25.347000122070312,17.88599967956543,63.803998947143555,83.45199820026755,128.5329975746572,86.5540969029936
312014.8080332393,214718.11042153713,,,,,,,,,,,,,,,,,,,,,0,2019-01-16 13:33:16,7.859533305962881,74.125,14.119000434875488,0.0,17.839000463485718,17.839000463485718,235.7859991788864,77.57445157869475
300175.7477587329,229992.33444231344,,,,,,,,,,,,,,,,,,,,,0,2021-12-17 14:45:14,0.5828266729911168,10.580900192260742,0.0,0.0,0.0,10.665100187063217,17.484800189733505,9.93434882381338
274132.6102465806,209309.9875876233,,,,,,,,,,,,,,,,,,,,,0,2021-04-07 11:03:16,5.354569800694784,62.83659744262695,0.0,0.0,0.0,22.413198709487915,160.6370940208435,66.69163298259589
287894.36374365474,202364.2414963602,,,,,,,,,,,,,,,,,,,,,0,2017-03-05 07:33:06,1.4338666439056396,17.6299991607666,17.6299991607666,0.0,17.6299991607666,22.631999254226685,43.01599931716919,25.087813342639723
309924.91019822314,224671.31595500023,,,,,,,,,,,,,,,,,,,,,0,2018-03-03 22:32:58,6.396633369320383,53.55500030517578,21.767000198364258,12.630999565124512,34.39799976348877,48.35799944400787,191.89900107961148,80.02702549038452
292944.23445740616,207788.4155586159,,,,,,,,,,,,,,,,,,,,,0,2021-02-08 13:20:27,1.610399956504504,17.688499450683594,6.182299613952637,6.182299613952637,7.466199636459351,10.123299598693848,48.31199869513512,25.525968705105992
290221.95105920447,195487.50090524252,,,,,,,,,,,,,,,,,,,,,0,2017-04-17 09:39:36,5.401066634555658,45.78300094604492,0.0,0.0,0.0,0.0,162.03199903666973,55.81545412480953
286314.12697739754,227420.48939636676,,,,,,,,,,,,,,,,,,,,,0,2021-04-11 14:23:00,4.363226600488027,56.0994987487793,0.0,0.0,0.0,0.0,130.8967980146408,43.220378252358564
259595.91549897497,217299.62295828556,,,,,,,,,,,,,,,,,,,,,0,2018-05-29 12:36:52,5.183433378239473,32.525001525878906,11.237000465393066,5.434999942779541,18.076000452041626,26.20400071144104,155.50300134718418,78.41887248906919
287308.5707679151,203496.40727298308,,,,,,,,,,,,,,,,,,,,,0,2021-08-02 17:09:48,4.477983194589615,30.53769874572754,0.4389999806880951,0.4389999806880951,0.4389999806880951,11.149099797010422,134.33949583768845,53.70247466310913
284256.87658335123,215097.68190358407,,,,,,,,,,,,,,,,,,,,,0,2018-06-20 19:24:23,2.2926666315606172,21.577999114990234,0.6010000109672546,0.0,0.6010000109672546,5.7329999804496765,68.77999894681852,18.345199184399675
270769.7651927022,193227.06562026584,,,,,,,,,,,,,,,,,,,,,0,2019-03-04 15:04:33,6.818233361141756,36.35200119018555,8.656999588012695,0.0,11.971999645233154,13.682999610900879,204.54700083425269,96.60508835586784
304470.3637651723,198896.829666516,,,,,,,,,,,,,,,,,,,,,0,2020-04-22 23:56:36,4.931533341847049,71.28900146484375,14.604999542236328,2.2269999980926514,16.83199954032898,21.85099959373474,147.9460002554115,68.63485124130388
296627.51561175747,219512.35070897496,,,,,,,,,,,,,,,,,,,,,0,2017-08-19 11:05:46,4.391933322697878,23.468000411987305,1.4129999876022339,1.4129999876022339,3.2260000109672546,47.5469987988472,131.75799968093634,63.97823502233194
299123.64000370336,229454.3431050934,,,,,,,,,,,,,,,,,,,,,0,2019-10-14 14:00:29,1.2609333485364913,9.319000244140625,0.0,0.0,0.0,15.861000180244446,37.82800045609474,19.06546749576827
273149.36228952237,207667.92920174677,,,,,,,,,,,,,,,,,,,,,0,2019-07-11 15:40:43,5.160433445374171,40.58000183105469,0.0,0.0,0.0,67.16000199317932,154.81300336122513,67.42709928409228
268394.58817632415,201513.45192584823,,,,,,,,,,,,,,,,,,,,,0,2020-12-01 14:44:29,2.259866707523664,22.554000854492188,17.381999969482422,17.381999969482422,17.381999969482422,24.90999999642372,67.79600122570992,34.54879553146372
303814.9113502756,215991.67850415577,,,,,,,,,,,,,,,,,,,,,0,2021-12-23 21:28:57,0.7683666214114055,11.512099266052246,0.22999998927116394,0.002099999925121665,0.2396999888587743,11.419199376599863,23.050998642342165,14.825436185909425
292695.8827559508,225276.53100512625,,,,,,,,,,,,,,,,,,,,,0,2019-01-17 18:21:58,5.6982666076781845,45.52199935913086,0.7609999775886536,0.0,0.7609999775886536,12.351000130176544,170.94799823034555,52.162829346490874
280447.61520212475,202559.78795698224,,,,,,,,,,,,,,,,,,,,,0,2019-01-12 15:44:40,6.509600003560384,59.65599822998047,0.0,0.0,0.0,10.10099983215332,195.28800010681152,69.54937014189746
297890.83605359,204122.95176186244,,,,,,,,,,,,,,,,,,,,,0,2019-02-02 18:35:34,4.1253999392191565,31.327999114990234,1.7359999418258667,0.0,1.7359999418258667,1.7359999418258667,123.7619981765747,43.141417436281685
302567.4916767175,214291.36068989095,,,,,,,,,,,,,,,,,,,,,0,2021-01-25 14:05:34,1.3542366568581201,22.114700317382812,0.8539999723434448,0.0,0.8539999723434448,1.8487999439239502,40.6270997057436,11.154462058813413
260419.0524350743,219819.07052843375,,,,,,,,,,,,,,,,,,,,,0,2018-08-10 05:14:56,5.864666660626729,27.902999877929688,17.50200080871582,17.50200080871582,19.491000831127167,64.9360004067421,175.93999981880188,90.62982817860372
286338.8924671991,220787.7003448659,,,,,,,,,,,,,,,,,,,,,0,2017-11-01 17:24:49,5.253400013844172,70.16500091552734,38.01300048828125,0.0,38.50900048017502,38.50900048017502,157.60200041532516,88.8358726007084
281118.9728679492,206139.6412876327,,,,,,,,,,,,,,,,,,,,,0,2018-09-03 01:57:54,2.6353666460490786,16.562999725341797,0.0010000000474974513,0.0,0.0010000000474974513,0.004000000073574483,79.06099938147236,20.855926066932255
274430.3342265924,223067.84031844637,,,,,,,,,,,,,,,,,,,,,0,2017-02-11 10:47:19,2.623466639406979,40.51499938964844,8.053000450134277,0.0,8.856000423431396,9.88800041936338,78.70399918220937,28.250275646721757
293501.76363266027,194133.48369379176,,,,,,,,,,,,,,,,,,,,,0,2017-07-13 17:02:42,4.2676666965087255,17.43400001525879,2.078000068664551,1.7050000429153442,3.783000111579895,23.35200011730194,128.03000089526176,49.454999354558126
277286.2135028819,207969.38373031624,,,,,,,,,,,,,,,,,,,,,0,2017-06-14 08:05:46,3.48343332807223,26.7810001373291,2.2100000381469727,2.2100000381469727,2.2100000381469727,5.7769999504089355,104.5029998421669,29.195112134489435
293530.7175218664,208372.6564577353,,,,,,,,,,,,,,,,,,,,,0,2020-11-09 01:59:44,4.9736665745576225,75.50299835205078,0.0,0.0,0.0,0.0,149.20999723672867,55.33409430842857
310994.6807816474,207721.35371476173,,,,,,,,,,,,,,,,,,,,,0,2020-08-11 07:20:22,8.227233308487728,65.69499969482422,13.772000312805176,0.0,13.772000312805176,49.44300079345703,246.8169992546318,115.22795801225686
265079.3759392973,216891.59221312543,,,,,,,,,,,,,,,,,,,,,0,2020-06-25 14:33:38,2.036033348176473,14.788000106811523,14.788000106811523,3.875999927520752,23.817999839782715,27.55499991774559,61.081000445294194,38.87226702180794
280660.1483568313,226104.869148552,,,,,,,,,,,,,,,,,,,,,0,2019-04-23 22:13:21,5.003833341598511,60.33399963378906,60.33399963378906,0.0,65.1589994430542,83.00800037384033,150.11500024795532,99.22709090645245
295904.365402789,207523.2172539229,,,,,,,,,,,,,,,,,,,,,0,2020-08-01 15:09:46,3.532633355492726,19.81100082397461,19.81100082397461,19.81100082397461,23.569000959396362,32.17600101232529,105.97900066478178,52.89678276517111
285006.5828301099,196358.07688805973,,,,,,,,,,,,,,,,,,,,,0,2017-10-22 07:42:14,3.2667333532047147,61.64400100708008,0.0,0.0,0.0,7.769000053405762,98.00200059614144,41.348062496782156
285043.72747405904,198222.8258206324,,,,,,,,,,,,,,,,,,,,,0,2021-07-02 15:13:46,1.9253199758008122,10.661600112915039,4.654699802398682,0.0,4.654699802398682,7.38229972217232,57.75959927402437,24.948915159356698
294610.3628245119,226853.29451552025,,,,,,,,,,,,,,,,,,,,,0,2019-07-04 09:45:40,6.623566612415016,39.4379997253418,0.6159999966621399,0.0,0.6159999966621399,2.9299999475479126,198.70699837245047,57.24706186099531
304995.21510061785,211602.82161272372,,,,,,,,,,,,,,,,,,,,,0,2021-09-08 22:39:03,10.706476371486982,126.9375991821289,1.184499979019165,0.0,1.184499979019165,45.91609764099121,321.19429114460945,95.45699638077647
268976.9865635206,193601.04951039093,,,,,,,,,,,,,,,,,,,,,0,2017-10-05 23:16:12,3.995200011859803,68.81999969482422,0.32100000977516174,0.32100000977516174,0.3240000098012388,0.3240000098012388,119.8560003557941,23.43609130281885
312999.56119531137,197893.38862871003,,,,,,,,,,,,,,,,,,,,,0,2019-06-27 15:03:26,8.24933340989907,91.25800323486328,13.392999649047852,0.0,13.392999649047852,29.819999290513806,247.4800022969721,98.48918962642924
294951.5020343773,204709.48454238693,,,,,,,,,,,,,,,,,,,,,0,2020-06-24 18:49:56,2.1701666387418905,20.173999786376953,6.0920000076293945,2.0369999408721924,8.128999948501587,13.580999992787838,65.10499916225672,33.191624476837205
313059.4559413651,197481.94774668533,,,,,,,,,,,,,,,,,,,,,0,2019-06-24 12:24:47,7.802900088264141,91.25800323486328,8.673999786376953,8.673999786376953,10.444999767350964,48.41300017933827,234.08700264792424,106.57610548617683
311024.6104192697,223847.15290475084,,,,,,,,,,,,,,,,,,,,,0,2019-03-26 05:38:41,3.4010000159343083,22.43000030517578,0.0,0.0,0.0,2.6760001182556152,102.03000047802925,28.87103846796354
292188.4331981142,219103.4803053673,,,,,,,,,,,,,,,,,,,,,0,2017-10-31 08:10:38,7.028566717108091,82.48300170898438,52.757999420166016,0.4519999921321869,53.2099994122982,135.69300112128258,210.85700151324272,125.09004710595114
289445.13043963205,196675.93731940584,,,,,,,,,,,,,,,,,,,,,0,2018-11-27 08:43:46,6.010866690116624,43.847999572753906,38.1879997253418,0.01899999938905239,38.31799972616136,38.31799972616136,180.32600070349872,83.48747742608656
309881.99778392556,223226.46906170069,,,,,,,,,,,,,,,,,,,,,0,2018-03-12 17:57:44,5.1783333364874125,59.60900115966797,1.5260000228881836,1.5260000228881836,1.5640000216662884,15.705000024288893,155.35000009462237,48.13067074809131
265992.91351827764,197908.39892606591,,,,,,,,,,,,,,,,,,,,,0,2018-07-05 06:13:46,2.407400006676714,20.902999877929688,0.8870000243186951,0.25999999046325684,1.1560000143945217,12.995999928563833,72.22200020030141,34.0393374045837
292380.5792475665,229809.26045050364,,,,,,,,,,,,,,,,,,,,,0,2020-06-01 18:05:20,3.531099971135457,29.927000045776367,7.448999881744385,0.0,7.448999881744385,14.601999819278717,105.93299913406372,51.43086543248045
310071.60828277544,210905.05945342133,,,,,,,,,,,,,,,,,,,,,0,2020-02-25 06:22:39,6.40276667548654,57.19300079345703,0.004000000189989805,0.004000000189989805,0.004000000189989805,13.447999767493457,192.0830002645962,68.68509935814589
302297.18105443637,200059.6490337005,,,,,,,,,,,,,,,,,,,,,0,2020-01-14 03:12:13,5.290333312749863,52.01499938964844,52.01499938964844,0.0,62.137999534606934,64.26899951696396,158.70999938249588,88.61736825325472
269447.7377896399,212776.11396186787,,,,,,,,,,,,,,,,,,,,,0,2018-10-23 07:23:32,3.411600029716889,53.374000549316406,1.2209999561309814,0.0,1.2209999561309814,8.3510000705719,102.34800089150667,44.45437562385467
276004.9731702638,200325.76420237316,,,,,,,,,,,,,,,,,,,,,0,2021-10-18 10:32:06,6.491699941953024,83.28450012207031,0.0,0.0,0.0,0.0,194.7509982585907,81.92490889554841
292626.1803574884,219269.45397100243,,,,,,,,,,,,,,,,,,,,,0,2017-06-09 23:03:59,4.3662666340669,29.743000030517578,2.6640000343322754,0.6869999766349792,3.3510000109672546,4.972000062465668,130.987999022007,42.60442489394765
305502.0984267687,208136.8628762082,,,,,,,,,,,,,,,,,,,,,0,2018-09-18 05:28:33,8.634666670230217,91.51399993896484,91.51399993896484,91.51399993896484,127.79000043869019,170.73100125789642,259.0400001069065,180.5489302073681
295891.9196566675,218110.94555954312,,,,,,,,,,,,,,,,,,,,,0,2017-08-04 08:39:30,3.246299998710553,20.284000396728516,0.054999999701976776,0.0,0.054999999701976776,29.739000014960766,97.38899996131659,38.411743542477694
302316.65627105825,204307.19468694608,,,,,,,,,,,,,,,,,,,,,0,2018-09-11 13:44:19,2.6310999900102616,14.78499984741211,6.031000137329102,6.031000137329102,8.151000022888184,18.526000022888184,78.93299970030785,35.05601608034146
296566.6700286345,204679.07617171467,,,,,,,,,,,,,,,,,,,,,0,2021-10-22 11:07:03,4.602783151467642,49.36369705200195,0.0,0.0,0.0,0.0,138.08349454402924,46.25700569549338
299664.1511307223,233989.19395311913,,,,,,,,,,,,,,,,,,,,,0,2018-10-31 10:20:34,4.369566701352596,48.58399963378906,4.6529998779296875,0.0,8.270999908447266,42.445000648498535,131.0870010405779,58.51290359075147
277323.6651872837,223470.67184313817,,,,,,,,,,,,,,,,,,,,,0,2021-07-17 03:50:03,2.9847266445557277,19.765399932861328,2.234299898147583,0.0,2.234299898147583,38.79519963264465,89.54179933667183,43.63445882674877
280694.2264250069,211158.4059042503,,,,,,,,,,,,,,,,,,,,,0,2019-06-23 11:52:33,5.6936666541267185,34.36800003051758,13.598999977111816,6.814000129699707,20.747000098228455,52.21400010585785,170.80999962380156,90.99538290865124
306567.57460212853,200297.50065539044,,,,,,,,,,,,,,,,,,,,,0,2020-06-30 23:10:20,2.3154999817411106,15.329999923706055,3.630000114440918,3.630000114440918,3.630000114440918,6.320000112056732,69.46499945223331,30.65422391776142
301796.98863821855,222969.07926982743,,,,,,,,,,,,,,,,,,,,,0,2019-04-15 18:53:09,2.6935333172480265,28.018999099731445,11.826000213623047,11.826000213623047,14.338000178337097,46.95099925994873,80.8059995174408,47.217773653679785
269274.56757953943,210056.51720156812,,,,,,,,,,,,,,,,,,,,,0,2018-05-01 05:06:15,4.074799969047308,44.11800003051758,0.0,0.0,0.0,64.35600060224533,122.24399907141924,63.679025861751875
260925.16197406047,214296.52335665797,,,,,,,,,,,,,,,,,,,,,0,2020-10-26 17:15:00,3.5349000125347327,49.303001403808594,13.746000289916992,13.746000289916992,13.94800029695034,13.94800029695034,106.04700037604198,41.693609277160746
269359.3849993473,196829.460223544,,,,,,,,,,,,,,,,,,,,,0,2021-11-04 17:55:31,6.707303113366167,97.6084976196289,0.0032999999821186066,0.0,0.0032999999821186066,22.8697997815907,201.219093400985,43.30550145907759
267908.5153880177,198623.27875369217,,,,,,,,,,,,,,,,,,,,,0,2018-04-26 22:23:20,4.331366694718599,50.95800018310547,50.95800018310547,6.185999870300293,65.95800018310547,65.95800018310547,129.94100084155798,88.07034103394464
274499.8136362695,205570.55919027937,,,,,,,,,,,,,,,,,,,,,0,2020-11-22 05:17:22,3.9459333841999373,57.566001892089844,0.0,0.0,0.0,0.0,118.37800152599812,33.172136173660746
298463.2187657352,225119.83335380728,,,,,,,,,,,,,,,,,,,,,0,2018-04-22 13:55:55,3.4746000334620475,50.79800033569336,0.0,0.0,0.0,52.427000284194946,104.23800100386143,49.80596494972807
280236.86925460555,208236.15322003912,,,,,,,,,,,,,,,,,,,,,0,2020-08-01 07:47:25,3.4533333100999397,18.990999221801758,12.1850004196167,12.1850004196167,18.60300040245056,26.40800052881241,103.59999930299819,48.34018160960884
284430.4334146532,200101.35915365643,,,,,,,,,,,,,,,,,,,,,0,2020-12-10 22:29:14,2.7859000528852147,20.48900032043457,0.0860000029206276,0.0,0.0860000029206276,15.818000353872776,83.57700158655643,31.345795323588973
267400.3094400747,210428.91915119064,,,,,,,,,,,,,,,,,,,,,0,2019-04-01 02:02:01,2.6236666679382323,13.123000144958496,9.630999565124512,9.630999565124512,9.630999565124512,14.687999725341797,78.71000003814697,28.881680548578785
303614.5632368465,233779.08283082835,,,,,,,,,,,,,,,,,,,,,0,2020-09-06 21:04:42,5.719833275675773,23.202999114990234,3.4049999713897705,1.024999976158142,4.429999947547913,31.985999047756195,171.5949982702732,66.016460497572
292345.4429599116,229126.34506107823,,,,,,,,,,,,,,,,,,,,,0,2018-05-12 20:10:49,3.10559996565183,43.597999572753906,3.319999933242798,2.4570000171661377,5.7769999504089355,14.785999774932861,93.1679989695549,30.49424705638993
268870.4619992819,195243.5324100807,,,,,,,,,,,,,,,,,,,,,0,2017-05-25 15:18:14,6.480866613052785,41.99300003051758,27.96299934387207,13.491000175476074,56.44599914550781,92.44599990546703,194.42599839158356,105.33925176080466
303186.4657894686,207722.45760252705,,,,,,,,,,,,,,,,,,,,,0,2017-06-25 21:55:26,3.549033378561338,23.187000274658203,16.422000885009766,5.754000186920166,23.080001056194305,41.38700145483017,106.47100135684013,62.25046747486524
302243.8391301473,197190.22466360056,,,,,,,,,,,,,,,,,,,,,0,2019-03-27 19:38:20,2.365466695527236,12.642000198364258,5.954999923706055,5.954999923706055,5.954999923706055,8.74399995803833,70.96400086581707,25.73885808225226
284579.08381413826,198949.43256849775,,,,,,,,,,,,,,,,,,,,,0,2021-07-06 05:59:05,2.663039931282401,23.75459861755371,0.0,0.0,0.0,28.409298419952393,79.89119793847203,37.74418954615606
306157.6270736998,198917.8511393791,,,,,,,,,,,,,,,,,,,,,0,2017-08-21 19:51:57,3.589366707454125,20.101999282836914,5.2870001792907715,0.0,5.2870001792907715,20.033000707626343,107.68100122362375,48.77387594705404
297517.4256453653,220362.35141033272,,,,,,,,,,,,,,,,,,,,,0,2019-04-12 19:00:05,2.33100000222524,27.33099937438965,27.33099937438965,0.0,30.621999263763428,37.477999448776245,69.9300000667572,41.006330135019645
270666.18493458413,215684.79670096043,,,,,,,,,,,,,,,,,,,,,0,2020-07-08 20:36:15,2.8958666568466773,13.041999816894531,2.9179999828338623,0.12200000137090683,3.039999984204769,16.084999801125377,86.87599970540032,35.38472251177403
270029.7675016416,192567.0379115709,,,,,,,,,,,,,,,,,,,,,0,2018-01-05 07:30:55,2.6256666789452234,22.91699981689453,0.3140000104904175,0.0,0.3140000104904175,0.636000007390976,78.7700003683567,21.59452407335482
289484.1915905319,207208.5837447692,,,,,,,,,,,,,,,,,,,,,0,2020-08-09 22:47:53,6.020666688680649,50.82600021362305,5.060999870300293,4.699999809265137,12.158999681472778,42.66799974441528,180.62000066041946,96.26791908296336
287786.2987357876,199814.0522503174,,,,,,,,,,,,,,,,,,,,,0,2018-07-13 08:54:00,3.010900002469619,26.4060001373291,0.0,0.0,0.0,10.309999942779541,90.32700007408857,30.555826710646386
270355.9807887423,208204.06630976283,,,,,,,,,,,,,,,,,,,,,0,2021-01-15 19:20:26,2.5638099600871405,31.6560001373291,1.0097999572753906,0.0,1.0097999572753906,6.583299875259399,76.91429880261421,25.504771502748977
284425.1048369537,201138.8159319614,,,,,,,,,,,,,,,,,,,,,0,2019-11-24 01:49:01,4.594566667079926,46.92499923706055,2.256999969482422,2.256999969482422,2.256999969482422,2.256999969482422,137.83700001239777,28.309532825145485
314777.6148511278,199774.1083923568,,,,,,,,,,,,,,,,,,,,,0,2019-09-26 02:32:18,1.4934666350483894,34.459999084472656,0.0,0.0,0.0,1.9470000267028809,44.80399905145168,19.559956340477406
293361.9433719152,202459.30116298067,,,,,,,,,,,,,,,,,,,,,0,2017-11-19 14:38:52,5.325966654283305,71.55500030517578,0.0,0.0,0.0,0.03799999877810478,159.77899962849915,38.17507035730079
268711.99080584646,198683.0461501372,,,,,,,,,,,,,,,,,,,,,0,2019-04-26 08:25:07,6.357533290982246,61.564998626708984,0.0,0.0,0.0,92.23999905586243,190.7259987294674,101.13226209291206
285437.1482020046,222945.52762913116,,,,,,,,,,,,,,,,,,,,,0,2021-04-13 07:42:20,4.883156549309691,57.50239944458008,19.52389907836914,0.0,19.52389907836914,19.52389907836914,146.49469647929072,54.98578391969721
270625.39062132704,213152.41689583837,,,,,,,,,,,,,,,,,,,,,0,2017-02-05 15:09:03,3.225166640803218,55.44599914550781,0.7480000257492065,0.0,0.877000018954277,1.368000015616417,96.75499922409654,37.82741947629298
316069.6559832852,198818.86586050031,,,,,,,,,,,,,,,,,,,,,0,2020-10-16 07:09:19,8.450700051585834,72.33100128173828,0.0,0.0,0.0,89.81100082397461,253.521001547575,98.66444134173882
291533.54709675256,197241.61442826336,,,,,,,,,,,,,,,,,,,,,0,2019-06-19 06:59:33,5.0084332996940555,45.10499954223633,25.624000549316406,25.624000549316406,25.624000549316406,25.624000549316406,150.25299899082165,92.01806448481659
308369.5360690241,209386.80916998195,,,,,,,,,,,,,,,,,,,,,0,2020-08-06 00:28:38,5.990533256282409,54.029998779296875,20.62299919128418,2.427000045776367,25.15299916267395,107.13099789619446,179.71599768847227,106.73834670040769
297329.88817429787,211978.62079927843,,,,,,,,,,,,,,,,,,,,,0,2020-04-25 12:27:10,3.7496666466196378,58.292999267578125,11.298999786376953,3.1579999923706055,14.456999778747559,41.27300016582012,112.48999939858913,63.60922001191262
261456.41342367703,215133.36817002585,,,,,,,,,,,,,,,,,,,,,0,2019-02-28 13:40:30,6.014733374025672,26.229999542236328,0.006000000052154064,0.006000000052154064,0.006000000052154064,84.35400052648038,180.44200122077018,105.93618035762722
306336.1918490287,224924.59571084168,,,,,,,,,,,,,,,,,,,,,0,2018-07-18 07:37:24,5.334499974610905,33.231998443603516,9.685999870300293,7.49399995803833,17.179999828338623,24.568999588489532,160.03499923832715,68.69714399864992
288588.28794894594,214534.9640293879,,,,,,,,,,,,,,,,,,,,,0,2020-02-19 20:07:37,5.458766602476438,49.75699996948242,0.0,0.0,0.0,24.22099995613098,163.76299807429314,72.39110963727774
301959.3348532913,224957.1974102205,,,,,,,,,,,,,,,,,,,,,0,2017-09-13 21:49:22,4.694866721576545,62.97600173950195,62.97600173950195,62.97600173950195,62.97600173950195,91.23200130462646,140.84600164729636,95.0627314179672
279022.6025019018,202472.24668915855,,,,,,,,,,,,,,,,,,,,,0,2019-12-02 23:29:27,2.5264333446820575,32.749000549316406,32.749000549316406,32.749000549316406,32.749000549316406,39.219000577926636,75.79300034046173,55.025403971679054
307792.5558648236,217915.2701434546,,,,,,,,,,,,,,,,,,,,,0,2017-06-22 19:37:39,3.8527000228563946,31.6200008392334,3.5789999961853027,0.0,4.522000014781952,33.239000022411346,115.58100068569183,44.154719203421905
268867.7488400441,203736.0696190618,,,,,,,,,,,,,,,,,,,,,0,2020-03-31 23:16:52,3.420133297642072,37.3849983215332,1.128000020980835,1.128000020980835,1.128000020980835,46.74499869346619,102.60399892926216,50.21612598419236
305999.4832345028,222255.18079503375,,,,,,,,,,,,,,,,,,,,,0,2020-02-22 11:02:36,8.640600043581799,62.130001068115234,9.144000053405762,7.257999897003174,16.404999950435013,16.404999950435013,259.21800130745396,104.43200001035088
316910.65825590544,201169.86317122763,,,,,,,,,,,,,,,,,,,,,0,2017-06-04 02:39:40,6.780266601840655,63.65299987792969,0.17399999499320984,0.0,0.17399999499320984,10.648999840021133,203.40799805521965,66.5728514657778
273501.8831451801,216031.76617342135,,,,,,,,,,,,,,,,,,,,,0,2020-10-14 09:58:11,6.071699970960617,49.52299880981445,48.06999969482422,0.0,49.722999691963196,58.50199997425079,182.1509991288185,82.7962563006965
308601.532976085,222513.1558020294,,,,,,,,,,,,,,,,,,,,,0,2019-01-29 20:21:51,4.893933313580541,40.987998962402344,0.0,0.0,0.0,44.97899889945984,146.8179994074162,65.5950562492478
299059.3642533368,231153.7694129588,,,,,,,,,,,,,,,,,,,,,0,2020-12-07 01:37:36,3.1252666831016542,28.5939998626709,26.082000732421875,0.0,26.082000732421875,45.51800066232681,93.75800049304962,47.88687734559524
280682.41714978556,212787.5872910945,,,,,,,,,,,,,,,,,,,,,0,2017-03-17 22:42:02,1.7321000000772377,9.869000434875488,5.103000164031982,0.0,6.737000107765198,19.655999779701233,51.96300000231713,25.145365617052178
287133.1323369441,198124.0309967203,,,,,,,,,,,,,,,,,,,,,0,2017-11-24 12:11:40,2.7913333787272374,50.137001037597656,0.0,0.0,0.0,5.239999771118164,83.74000136181712,21.897104764793497
273590.7640464894,222128.25716592875,,,,,,,,,,,,,,,,,,,,,0,2019-06-21 12:47:52,4.904399999968397,26.136999130249023,22.076000213623047,11.623000144958496,53.72200107574463,53.75700107589364,147.1319999990519,90.39700643543229
295267.3475991924,229594.2422237204,,,,,,,,,,,,,,,,,,,,,0,2017-12-10 12:15:45,1.6856000125408173,19.520000457763672,19.520000457763672,19.520000457763672,21.06100046634674,33.19300043582916,50.56800037622452,35.00454050781731
308710.63925269997,216597.0589107924,,,,,,,,,,,,,,,,,,,,,0,2018-08-25 23:55:15,8.505499924575755,60.125999450683594,20.17099952697754,0.0,20.18999952636659,29.80799970589578,255.16499773727264,83.78546288822828
288021.44871730893,206491.69951269543,,,,,,,,,,,,,,,,,,,,,0,2020-04-20 14:14:17,4.343066684777538,61.50600051879883,4.4029998779296875,0.7379999756813049,5.140999853610992,67.02100038528442,130.29200054332614,55.76362274705676
284782.26479145756,215348.2647184162,,,,,,,,,,,,,,,,,,,,,0,2017-09-21 18:09:34,2.0533000335718197,15.522000312805176,0.0,0.0,0.0,0.02500000037252903,61.599001007154584,22.310721420137995
318594.222085391,201644.94592678812,,,,,,,,,,,,,,,,,,,,,0,2020-05-21 19:23:19,9.301866669254377,109.4219970703125,109.4219970703125,109.4219970703125,173.5890007931739,173.5890007931739,279.0560000776313,193.59665477723763
280911.9441024406,197382.7150081389,,,,,,,,,,,,,,,,,,,,,0,2017-07-08 17:02:59,2.731933320996662,12.751999855041504,0.5920000076293945,0.5920000076293945,0.6040000077337027,16.695999747142196,81.95799962989986,33.52322911783091
293982.7955207145,204174.1533881043,,,,,,,,,,,,,,,,,,,,,0,2017-11-16 17:06:39,5.325966654283305,71.55500030517578,0.03799999877810478,0.0,0.03799999877810478,1.9129999987781048,159.77899962849915,47.29801878219125
280769.2097363242,218577.88903173985,,,,,,,,,,,,,,,,,,,,,0,2019-12-09 10:49:56,2.855666647851467,43.069000244140625,0.0,0.0,0.0,1.7350000143051147,85.66999943554401,42.17099701780599
295472.7389426399,197234.64646989873,,,,,,,,,,,,,,,,,,,,,0,2020-12-19 02:33:56,3.1314000368118284,30.224000930786133,6.664000034332275,0.0,11.124000072479248,43.732001066207886,93.94200110435486,49.70902525740699
292112.39535593806,224545.29351429225,,,,,,,,,,,,,,,,,,,,,0,2017-11-08 07:58:19,6.749166616797448,76.89299774169922,5.423999786376953,5.423999786376953,5.423999786376953,11.411999732255936,202.47499850392342,74.89632320844873
294380.8786765515,214724.81771393697,,,,,,,,,,,,,,,,,,,,,0,2018-07-02 11:41:03,2.9750999694069225,29.871999740600586,3.6050000190734863,0.375,3.9800000190734863,75.01399898529053,89.25299908220768,58.4650913958048
291436.88744614896,232345.6938714155,,,,,,,,,,,,,,,,,,,,,0,2021-08-16 08:15:40,3.4087666305558133,32.911800384521484,14.668299674987793,14.668299674987793,15.87209963798523,18.100799571722746,102.2629989166744,49.03987640298365
286957.6154239172,197603.92400971384,,,,,,,,,,,,,,,,,,,,,0,2021-12-12 04:08:44,0.6626933157444,15.317099571228027,0.7833999991416931,0.7833999991416931,0.7833999991416931,0.8935999944806099,19.880799472332,3.737047228622751
299163.6448964985,230882.13650727505,,,,,,,,,,,,,,,,,,,,,0,2019-11-27 10:28:40,2.901633322238922,30.204999923706055,30.204999923706055,0.0,30.204999923706055,33.70199990272522,87.04899966716766,39.56764644998501
272201.52026386245,216604.67000663045,,,,,,,,,,,,,,,,,,,,,0,2019-03-27 20:16:15,2.4029000282287596,11.263999938964844,4.943999767303467,4.943999767303467,4.943999767303467,11.644999980926514,72.0870008468628,27.980242478801735
298241.5879155003,218895.35829298384,,,,,,,,,,,,,,,,,,,,,0,2018-09-26 00:53:50,5.344966703948255,52.566001892089844,5.360000133514404,5.360000133514404,5.747000128030777,5.747000128030777,160.34900111844763,71.99925689393264
284900.8610596339,209591.15046414235,,,,,,,,,,,,,,,,,,,,,0,2020-01-23 17:23:38,2.6680999606847764,27.018999099731445,0.0,0.0,0.0,2.2740000188350677,80.04299882054329,32.8258671716572
309647.9648353904,197828.00596408025,,,,,,,,,,,,,,,,,,,,,0,2019-12-15 10:05:54,3.9799666318266342,39.74399948120117,17.996999740600586,17.996999740600586,26.79699993133545,40.23499953746796,119.39899895479903,61.79082862935784
315490.57468007924,204961.53017226025,,,,,,,,,,,,,,,,,,,,,0,2018-06-22 22:10:58,10.292366465119024,133.83099365234375,5.244999885559082,0.0,8.083999872207642,9.768999880179763,308.7709939535707,74.44160218484782
300662.0013749176,204342.23896262108,,,,,,,,,,,,,,,,,,,,,0,2017-02-11 14:48:34,2.659266649931669,46.34000015258789,8.133999824523926,0.0,9.57099986076355,10.151999846100807,79.77799949795008,28.66112483618093
292048.68169977947,216058.79296700173,,,,,,,,,,,,,,,,,,,,,0,2017-10-04 11:37:33,2.808266617854436,49.42599868774414,0.0,0.0,0.0,0.0,84.24799853563309,23.127366515632545
259532.4738349472,220341.02108371916,,,,,,,,,,,,,,,,,,,,,0,2021-10-16 08:53:36,4.512619935472807,24.997098922729492,0.0,0.0,0.0,25.33659890294075,135.3785980641842,64.33695927365804
293749.5874157171,231972.27896635313,,,,,,,,,,,,,,,,,,,,,0,2019-02-03 03:11:06,2.3922000487645465,20.926000595092773,0.0,0.0,0.0,2.753999948501587,71.7660014629364,26.05140779122863
269570.02133800293,203766.5488906611,,,,,,,,,,,,,,,,,,,,,0,2019-05-31 04:53:25,3.2114999871701,30.14699935913086,0.0,0.0,0.0,0.0,96.344999615103,23.90734995271048
306916.126913019,223570.8149081925,,,,,,,,,,,,,,,,,,,,,0,2019-05-03 11:18:38,8.056733345985412,94.79299926757812,0.0,0.0,0.0,15.259000301361084,241.70200037956238,88.29821658895848
298951.161160911,197019.1416325704,,,,,,,,,,,,,,,,,,,,,0,2020-11-29 11:48:10,2.609866705040137,23.079999923706055,13.970000267028809,0.24400000274181366,14.214000269770622,14.214000269770622,78.29600115120411,29.121634212603073
275409.0753543289,201811.4706178181,,,,,,,,,,,,,,,,,,,,,0,2017-04-29 13:05:51,7.039266629315292,39.959999084472656,1.1629999876022339,1.1629999876022339,1.1629999876022339,106.12499797344208,211.17799887945876,97.9340839088188
296328.2294862688,221770.2458078762,,,,,,,,,,,,,,,,,,,,,0,2017-05-31 23:34:26,7.314633283019066,43.86600112915039,7.0229997634887695,2.36299991607666,11.18999969959259,66.02799946069717,219.43899849057198,98.00569445779209
280545.9348669833,199840.56988130783,,,,,,,,,,,,,,,,,,,,,0,2018-05-19 10:06:33,6.687899877130985,43.349998474121094,43.349998474121094,29.20199966430664,99.80599784851074,117.34999720752239,200.63699631392956,125.88397662920596
295219.38354984793,215067.0674371044,,,,,,,,,,,,,,,,,,,,,0,2019-06-08 03:38:05,2.809233302172894,46.895999908447266,8.38599967956543,8.38599967956543,14.465999603271484,14.465999603271484,84.27699906518683,25.04942777425446
269397.99971077824,197955.0475902175,,,,,,,,,,,,,,,,,,,,,0,2020-05-09 19:13:58,6.8684001725787915,107.56300354003906,3.812999963760376,0.0,5.277999997138977,10.67900002002716,206.05200517736375,65.56710091314562
289787.58904739184,194463.47782692607,,,,,,,,,,,,,,,,,,,,,0,2019-06-15 12:57:58,4.4846666872501375,46.51900100708008,0.0,0.0,0.0,120.77300071716309,134.54000061750412,93.82257203990909
277811.4681360164,217183.22009742455,,,,,,,,,,,,,,,,,,,,,0,2019-03-17 03:09:42,5.5792333466311295,21.408000946044922,6.669000148773193,6.052999973297119,12.722000122070312,23.65500056743622,167.3770003989339,56.013609769860906
308368.4037893944,200337.67340606864,,,,,,,,,,,,,,,,,,,,,0,2021-09-08 12:47:55,11.388109561304251,145.16738891601562,0.1720999926328659,0.0,0.1720999926328659,41.36400048434734,341.64328683912754,95.01743040097443
282435.08782202,213662.83747648745,,,,,,,,,,,,,,,,,,,,,0,2017-10-21 20:37:47,2.0706999798615775,32.65399932861328,0.0,0.0,0.0,7.749000072479248,62.12099939584732,27.564132319231305
304510.4334582392,200498.7403350632,,,,,,,,,,,,,,,,,,,,,0,2019-11-10 09:41:19,5.831433399518331,58.35900115966797,4.900000095367432,0.0,4.900000095367432,4.900000095367432,174.94300198554993,72.53162199323002
295420.40203443926,198550.2906002751,,,,,,,,,,,,,,,,,,,,,0,2019-09-17 14:18:59,3.2359666724999747,42.65999984741211,12.52299976348877,0.0,18.871999740600586,20.399999737739563,97.07900017499924,31.860618988606717
298834.26149902324,227895.0048986005,,,,,,,,,,,,,,,,,,,,,0,2019-05-15 02:50:08,7.679166575583319,79.99299621582031,30.5310001373291,0.0,45.83800029754639,56.70700007863343,230.37499726749957,94.97326794710833
292562.7154405225,198192.88804664204,,,,,,,,,,,,,,,,,,,,,0,2021-01-13 20:46:04,4.152856661379337,33.15999984741211,1.7077999114990234,1.7077999114990234,1.7077999114990234,8.524499714374542,124.58569984138012,40.591644516094085
313122.7704773906,203351.4324828592,,,,,,,,,,,,,,,,,,,,,0,2018-05-03 05:32:02,6.920666615168254,115.62699890136719,0.0,0.0,0.0,7.615999847650528,207.6199984550476,101.35368291782058
290972.6327091258,227279.42056608008,,,,,,,,,,,,,,,,,,,,,0,2021-10-07 15:15:04,2.1095465941519556,16.41309928894043,16.41309928894043,16.41309928894043,28.240398645401,28.240398645401,63.28639782455866,37.212354670084295
265255.21024119854,220037.65818609815,,,,,,,,,,,,,,,,,,,,,0,2018-08-29 02:43:19,4.994633315503597,31.37299919128418,0.0,0.0,0.0,4.5959999561309814,149.83899946510792,40.4762795333144
290373.91743072,195537.37163446145,,,,,,,,,,,,,,,,,,,,,0,2019-09-22 15:11:46,2.315266643961271,43.92300033569336,0.4449999928474426,0.0,0.4449999928474426,18.22099906206131,69.45799931883812,18.9350856081767
277695.69340203813,205885.4375565974,,,,,,,,,,,,,,,,,,,,,0,2019-08-09 05:27:04,3.486600004819532,32.611000061035156,0.39399999380111694,0.0,0.39399999380111694,4.858000072650611,104.59800014458597,30.06628704673296
306376.56817884743,223401.10487766512,,,,,,,,,,,,,,,,,,,,,0,2021-03-31 20:16:18,6.079073279622632,77.85710144042969,10.424200057983398,0.0,18.748600006103516,96.94050145149231,182.37219838867895,106.72516642801787
278753.0108915058,222677.21053725097,,,,,,,,,,,,,,,,,,,,,0,2019-03-13 00:19:19,5.5465333497772615,20.22100067138672,8.593999862670898,1.3819999694824219,9.97599983215332,18.23099994659424,166.39600049331784,57.75420298292427
263427.89783268864,219886.74639756215,,,,,,,,,,,,,,,,,,,,,0,2018-06-04 07:40:56,6.29179998729378,25.413999557495117,7.415999889373779,0.44699999690055847,8.032999888062477,55.6839994341135,188.7539996188134,85.93061169213809
274179.25363814173,211049.3281445721,,,,,,,,,,,,,,,,,,,,,0,2017-02-09 10:36:32,2.3202000220616656,48.85300064086914,0.765999972820282,0.765999972820282,1.1199999749660492,1.8679999709129333,69.60600066184998,22.881672558235962
308937.20760639437,218054.09313207935,,,,,,,,,,,,,,,,,,,,,0,2018-10-26 17:06:27,7.139466717171794,95.46900177001953,0.0,0.0,0.0,0.48399999737739563,214.1840015151538,72.22114537799345
274434.9566113146,218518.15047214457,,,,,,,,,,,,,,,,,,,,,0,2021-02-16 23:35:10,2.800973264873028,21.872699737548828,9.432999610900879,0.36309999227523804,15.918099343776703,23.45709937810898,84.02919794619083,38.77369101556521
291880.80318924977,227543.69388008068,,,,,,,,,,,,,,,,,,,,,0,2017-01-19 02:19:45,2.145888879481289,10.637999534606934,2.197999954223633,2.197999954223633,2.7209999561309814,4.938999950885773,38.625999830663204,17.282441722045615
286416.93256917445,225598.07203386995,,,,,,,,,,,,,,,,,,,,,0,2021-06-24 11:50:30,4.575213229927855,24.141199111938477,18.95319938659668,7.714200019836426,32.389599323272705,32.7548993229866,137.25639689783566,66.07801398384802
273003.47700598463,196668.81133637571,,,,,,,,,,,,,,,,,,,,,0,2019-09-18 15:49:35,2.327233394732078,32.25400161743164,3.677000045776367,0.0,3.677000045776367,9.916000127792358,69.81700184196234,18.470695748339402
295948.0478529803,216936.79822097416,,,,,,,,,,,,,,,,,,,,,0,2017-09-13 22:54:36,5.4539999108761545,81.91899871826172,81.91899871826172,81.91899871826172,81.91899871826172,95.48799848556519,163.61999732628465,110.44282221256333
283051.24660056474,198177.61591558595,,,,,,,,,,,,,,,,,,,,,0,2018-07-06 11:27:16,2.4973666629443567,18.219999313354492,0.1550000011920929,0.1550000011920929,0.16600000113248825,14.075000397861004,74.9209998883307,35.21591054471997
273599.2976474085,217177.42237615772,,,,,,,,,,,,,,,,,,,,,0,2019-10-09 02:46:59,1.304699997107188,9.95199966430664,9.95199966430664,9.95199966430664,11.268999695777893,11.268999695777893,39.14099991321564,21.216156891635933
288964.15693009633,210358.52904694265,,,,,,,,,,,,,,,,,,,,,0,2018-07-31 03:19:01,2.9163666687246104,14.21500015258789,0.0,0.0,0.0,17.675000190734863,87.4910000617383,39.24452465611753
278613.54739302606,196183.82132391792,,,,,,,,,,,,,,,,,,,,,0,2017-07-18 03:37:02,3.7852332989219577,24.76099967956543,24.76099967956543,0.004000000189989805,39.41299944324419,44.6899993638508,113.55699896765873,59.83925950533367
282281.4862967299,227342.67955766848,,,,,,,,,,,,,,,,,,,,,0,2020-04-30 10:18:47,4.572200013200442,79.81900024414062,0.43700000643730164,0.0,0.43700000643730164,27.191999852657318,137.16600039601326,57.227039358200905
313564.3553141538,203382.3915450209,,,,,,,,,,,,,,,,,,,,,0,2020-05-11 20:06:57,6.184799939079676,68.8479995727539,4.394000053405762,0.0,4.394000053405762,6.914000101387501,185.54399817239027,61.161169617528415
278367.3105559267,220554.28903998632,,,,,,,,,,,,,,,,,,,,,0,2017-08-05 22:41:32,2.6754666338364284,25.038000106811523,0.16500000655651093,0.0,0.16500000655651093,12.203999564051628,80.26399901509285,22.438603068413624
302692.02995816607,225660.2125500327,,,,,,,,,,,,,,,,,,,,,0,2018-05-29 06:02:23,5.166299988329411,31.417999267578125,4.625999927520752,1.3480000495910645,7.296999931335449,10.194999933242798,154.98899964988232,74.62255282843866
307054.01838618825,232841.94264514,,,,,,,,,,,,,,,,,,,,,0,2018-03-22 01:38:54,3.8205333173274996,22.06999969482422,17.368000030517578,17.368000030517578,21.259000062942505,23.82200002670288,114.61599951982498,51.37384541703185
262496.2285342017,221720.7862060923,,,,,,,,,,,,,,,,,,,,,0,2020-04-18 10:42:41,5.177233273241048,70.822998046875,0.0,0.0,0.0,70.822998046875,155.31699819723144,73.70092902811727
292808.6231601033,198774.45702808583,,,,,,,,,,,,,,,,,,,,,0,2020-08-25 18:56:48,8.809466766597081,35.900001525878906,11.861000061035156,0.007000000216066837,22.734000236727297,53.87900093290955,264.28400299791247,101.71729331587382
290473.9539115434,199044.18010596352,,,,,,,,,,,,,,,,,,,,,0,2020-08-19 18:21:50,7.830233420183261,35.900001525878906,15.34000015258789,0.0,15.34000015258789,42.03400018811226,234.90700260549784,91.57622205654759
261727.7069977189,216223.92355406296,,,,,,,,,,,,,,,,,,,,,0,2021-09-10 05:44:32,7.737733149528504,101.1177978515625,1.437999963760376,1.437999963760376,1.437999963760376,2.352699935436249,232.1319944858551,64.36041164487932
302015.6485005634,198932.6172858232,,,,,,,,,,,,,,,,,,,,,0,2020-11-03 18:45:36,5.910466702779134,71.49800109863281,3.624000072479248,0.0,3.624000072479248,91.19400095939636,177.31400108337402,96.7420396636647
290022.73389131064,219784.79443995457,,,,,,,,,,,,,,,,,,,,,0,2018-08-09 05:45:34,6.704633388419946,50.944000244140625,0.9679999947547913,0.2240000069141388,1.7510000169277191,86.25100199878216,201.13900165259838,107.12315748407654
304285.754999981,206534.47888450153,,,,,,,,,,,,,,,,,,,,,0,2017-07-16 15:03:12,5.663300043717027,33.94200134277344,19.156999588012695,19.156999588012695,27.377999782562256,44.09499943256378,169.8990013115108,78.5786714960649
310667.7847360951,222966.00418063693,,,,,,,,,,,,,,,,,,,,,0,2020-01-27 17:21:21,6.97693329329292,55.69499969482422,33.37900161743164,0.07100000232458115,45.32200136035681,45.32200136035681,209.3079987987876,89.89172200807874
296394.66311237606,225175.82621798688,,,,,,,,,,,,,,,,,,,,,0,2021-07-30 17:19:07,3.3068265695124865,28.42999839782715,9.842100143432617,0.0,16.50759983062744,17.07299981638789,99.2047970853746,41.04360708424965
303115.78729244304,217941.5686082451,,,,,,,,,,,,,,,,,,,,,0,2021-11-15 15:48:10,1.4915099776660403,17.47249984741211,17.47249984741211,0.0,17.47249984741211,17.47249984741211,44.74529932998121,24.599149552838867
299865.6873245554,225940.91738343835,,,,,,,,,,,,,,,,,,,,,0,2018-02-25 03:22:22,3.5031666593587336,29.547000885009766,4.408999919891357,0.0,4.408999919891357,6.562999946880154,105.09499978076201,37.16619005311105
270656.18324837455,216106.6776143556,,,,,,,,,,,,,,,,,,,,,0,2018-03-08 12:44:53,4.054833290411625,29.4060001373291,3.7660000324249268,2.1059999465942383,5.871999979019165,49.61899971961975,121.64499871234875,51.19986605155873
294032.1108595751,232292.77715283167,,,,,,,,,,,,,,,,,,,,,0,2017-03-10 06:40:11,1.6472000002861023,9.760000228881836,5.354000091552734,0.0,5.765000104904175,6.15500009059906,49.41600000858307,21.150131381792768
286607.1023607586,203293.07121034717,,,,,,,,,,,,,,,,,,,,,0,2017-09-15 19:16:55,3.0332999361058075,25.292999267578125,25.257999420166016,0.38499999046325684,27.73599934577942,27.73599934577942,90.99899808317423,52.35952679482821
297904.6456346985,218171.543490611,,,,,,,,,,,,,,,,,,,,,0,2019-10-10 14:32:17,0.8924000131587188,11.562000274658203,4.110000133514404,2.690000057220459,6.800000190734863,6.800000190734863,26.772000394761562,11.310628162503736
272580.6472471593,195834.74316368692,,,,,,,,,,,,,,,,,,,,,0,2019-09-25 21:59:01,0.7162000056356191,7.75600004196167,0.0,0.0,0.0,1.7050000317394733,21.486000169068575,7.326278116349807
289167.77032129787,202524.4719975044,,,,,,,,,,,,,,,,,,,,,0,2018-11-08 22:23:45,5.660633325514694,55.25,6.473999977111816,6.473999977111816,14.270999670028687,29.638999700546265,169.81899976544082,59.20093290521761
309444.1707362149,213755.5421062101,,,,,,,,,,,,,,,,,,,,,0,2018-07-20 16:02:53,4.983233395513768,40.608001708984375,4.947000026702881,0.0,4.947000026702881,48.962001740932465,149.49700186541304,62.54982628711029
286284.33546866564,220016.6481059272,,,,,,,,,,,,,,,,,,,,,0,2021-02-23 08:47:26,3.4811965584754945,19.967199325561523,0.0,0.0,0.0,28.996999263763428,104.43589675426483,43.827606749479614
293326.56738434336,224781.5486078195,,,,,,,,,,,,,,,,,,,,,0,2019-04-20 13:29:10,3.111533279220263,25.674999237060547,7.934999942779541,7.934999942779541,7.934999942779541,36.393999099731445,93.3459983766079,50.547638288468356
314266.2320031271,197505.98831619744,,,,,,,,,,,,,,,,,,,,,0,2021-01-15 01:24:52,3.4106532121038375,34.448997497558594,1.5353000164031982,0.0,1.5353000164031982,13.387899398803711,102.31959636311512,36.693992166366215
311381.95337452594,211198.81519977344,,,,,,,,,,,,,,,,,,,,,0,2021-10-24 20:40:47,5.9471764703591665,85.26619720458984,0.0,0.0,0.0,0.0,178.415294110775,57.13877306409103
293560.58605861105,211247.54034492665,,,,,,,,,,,,,,,,,,,,,0,2018-08-02 18:41:00,3.936133307684213,33.784000396728516,33.784000396728516,2.447999954223633,36.23200035095215,36.23200035095215,118.08399923052639,63.01686397454257
286487.59922976734,194150.6513377406,,,,,,,,,,,,,,,,,,,,,0,2018-01-05 23:56:17,2.1293666462103524,22.26099967956543,0.0,0.0,0.0,0.0,63.88099938631058,15.381758317342202
261191.65874466184,217760.7002666963,,,,,,,,,,,,,,,,,,,,,0,2021-10-06 00:59:36,1.4902699753642081,10.121500015258789,4.716899871826172,4.426000118255615,9.142899990081787,9.142899990081787,44.70809926092625,20.851824290640604
297340.9741673002,196121.75135868168,,,,,,,,,,,,,,,,,,,,,0,2020-03-04 13:36:06,5.895633426308632,55.86600112915039,0.38100001215934753,0.38100001215934753,0.38100001215934753,3.2409999072551727,176.86900278925896,43.66481276444285
279671.5449363191,208808.8701195438,,,,,,,,,,,,,,,,,,,,,0,2018-06-15 22:12:04,7.696466668446859,38.20500183105469,6.705999851226807,6.705999851226807,6.705999851226807,10.367999792098999,230.89400005340576,56.809084593286464
278835.4922352347,206124.149954107,,,,,,,,,,,,,,,,,,,,,0,2020-02-09 21:28:03,6.393799990415573,54.04199981689453,54.04199981689453,0.0,93.36100006103516,95.91700005531311,191.8139997124672,111.69153496316838
269379.98793639714,203400.74319085348,,,,,,,,,,,,,,,,,,,,,0,2019-07-29 23:30:08,6.4491667201121645,41.608001708984375,0.0,0.0,0.0,61.82600021362305,193.47500160336494,80.14231183401266
309240.3853018687,211388.26458618068,,,,,,,,,,,,,,,,,,,,,0,2021-07-11 14:18:35,3.837443230727998,26.894699096679688,4.2444000244140625,4.2444000244140625,6.816499948501587,6.816499948501587,115.12329692183994,47.79136941892509
303678.78127640666,220054.54328597855,,,,,,,,,,,,,,,,,,,,,0,2018-04-13 03:16:15,2.2767333070437115,20.774999618530273,0.0,0.0,0.0,16.425999760627747,68.30199921131134,26.043098298358434
298711.15985031443,200123.3062841391,,,,,,,,,,,,,,,,,,,,,0,2021-12-15 06:34:00,0.5087999874725938,9.801799774169922,9.801799774169922,0.0,9.801799774169922,11.139399779960513,15.263999624177814,10.417498677870103
259849.0962064728,216757.5811208776,,,,,,,,,,,,,,,,,,,,,0,2021-09-05 06:42:30,8.41481305276975,93.7721939086914,9.795700073242188,0.0,9.795700073242188,45.30289936065674,252.4443915830925,98.43192839228081
319340.67219414935,203558.64882439616,,,,,,,,,,,,,,,,,,,,,0,2017-11-26 18:44:50,4.218066684777538,50.22999954223633,0.0,0.0,0.0,3.678999900817871,126.54200054332614,28.017473145179714
292223.4092833479,220389.8633193597,,,,,,,,,,,,,,,,,,,,,0,2017-10-28 09:49:20,5.254900070031484,82.48300170898438,0.0,0.0,0.0,92.5210018157959,157.64700210094452,93.56384220548149
286656.7981548552,209591.63027257985,,,,,,,,,,,,,,,,,,,,,0,2019-09-01 00:16:09,3.3133333127324778,49.04999923706055,0.0,0.0,0.0,3.258000075817108,99.39999938197434,44.273825229064364
276110.3282834636,199947.80258327603,,,,,,,,,,,,,,,,,,,,,0,2017-03-23 23:05:06,2.2049333383639653,15.89900016784668,8.800000190734863,8.800000190734863,8.800000190734863,18.48799991607666,66.14800015091896,32.20871962428107
276026.91465331946,212495.9821328013,,,,,,,,,,,,,,,,,,,,,0,2018-06-30 07:21:02,3.9000999652702983,31.35300064086914,31.35300064086914,6.145999908447266,47.85200023651123,78.84400000772439,117.00299895810895,77.01664906527799
272012.3431848304,214646.86607362737,,,,,,,,,,,,,,,,,,,,,0,2019-03-06 01:15:04,5.705933327476184,22.37299919128418,11.263999938964844,0.0,11.263999938964844,24.765000343322754,171.1779998242855,78.87385666400417
275139.2110911675,208592.6706820655,,,,,,,,,,,,,,,,,,,,,0,2021-11-05 02:33:03,4.7294832437609635,60.71979904174805,1.3100999593734741,1.3100999593734741,1.7034999430179596,25.58069959282875,141.8844973128289,34.35930178341139
269065.6868857902,220851.6300395312,,,,,,,,,,,,,,,,,,,,,0,2021-12-17 02:02:58,0.47777331558366615,9.725799560546875,0.0,0.0,0.0,9.725799560546875,14.333199467509985,8.3026640536769
279410.5848929893,220677.1042497932,,,,,,,,,,,,,,,,,,,,,0,2017-10-04 13:26:58,1.4424333382979966,13.993000030517578,0.0,0.0,0.0,0.0,43.2730001489399,10.402875755523159
282397.3670368399,209016.23997469255,,,,,,,,,,,,,,,,,,,,,0,2021-06-16 07:27:51,2.2357032467921574,15.56559944152832,8.341499328613281,0.0,8.669299334287643,45.20749804377556,67.07109740376472,41.75696258761313
301565.45889227226,200752.12377914487,,,,,,,,,,,,,,,,,,,,,0,2017-06-15 22:40:57,4.098299989973506,29.954999923706055,8.239999771118164,1.687999963760376,9.92799973487854,13.38099980354309,122.94899969920516,37.841105520506915
298658.68242322595,217936.97716048863,,,,,,,,,,,,,,,,,,,,,0,2020-09-28 05:01:52,6.426966717963418,38.81100082397461,38.81100082397461,0.0,40.481000781059265,41.486000776290894,192.80900153890252,89.05248359431255
282804.7421304438,218240.6656546828,,,,,,,,,,,,,,,,,,,,,0,2021-03-24 07:09:01,2.414723289012909,22.785799026489258,0.0,0.0,0.0,31.754299104213715,72.44169867038727,32.25173944976411
297382.01103578776,232001.91005731377,,,,,,,,,,,,,,,,,,,,,0,2021-06-14 16:42:39,2.809133234620094,16.908100128173828,16.908100128173828,11.698999404907227,38.46829891204834,60.11069777607918,84.27399703860283,61.337327980270686
291816.3937725756,222787.24619108604,,,,,,,,,,,,,,,,,,,,,0,2018-02-12 17:42:21,2.913733348250389,22.25,22.25,22.25,23.209999978542328,45.76000064611435,87.41200044751167,52.03926662709448
287529.15129576286,203896.96889712889,,,,,,,,,,,,,,,,,,,,,0,2021-06-19 12:57:46,1.75351329393064,17.431499481201172,0.0,0.0,0.0,14.23599973320961,52.605398817919195,22.157164632293252
281791.5350340255,217815.06854623443,,,,,,,,,,,,,,,,,,,,,0,2017-07-31 15:57:49,4.217933390968635,34.56700134277344,12.118000030517578,0.0,13.962000012397766,22.526999592781067,126.53800172905903,38.82150699215962
282980.26829679613,220279.6009599185,,,,,,,,,,,,,,,,,,,,,0,2019-08-05 21:59:46,4.852933302583794,45.55699920654297,3.177000045776367,3.177000045776367,4.680999994277954,6.890999913215637,145.5879990775138,51.261760403431374
311069.82187873067,203833.0275674679,,,,,,,,,,,,,,,,,,,,,0,2019-05-07 22:05:02,6.831533434987068,75.16000366210938,18.69700050354004,11.218999862670898,30.984000325202942,30.984000325202942,204.94600304961205,75.36543942301762
261972.2471837521,222762.663769675,,,,,,,,,,,,,,,,,,,,,0,2018-07-31 13:41:32,3.6079000333944955,19.905000686645508,3.1659998893737793,3.1659998893737793,3.1659998893737793,13.431999802589417,108.23700100183487,44.56362549341808
261419.0959126719,214957.14110180337,,,,,,,,,,,,,,,,,,,,,0,2017-02-10 08:36:03,4.306599943138038,60.42499923706055,6.691999912261963,6.691999912261963,9.343999981880188,9.670999974012375,129.19799829414114,45.44941977664326
295802.1891799971,215012.48948200297,,,,,,,,,,,,,,,,,,,,,0,2020-11-09 22:08:40,4.996533421923717,73.01200103759766,0.0,0.0,0.0,0.0,149.8960026577115,55.65666962203906
283022.50606241456,223149.1319670389,,,,,,,,,,,,,,,,,,,,,0,2018-09-05 10:33:50,1.512866661682104,10.993000030517578,0.8840000033378601,0.0,0.8840000033378601,1.0349999964237213,45.38599985046312,12.57242817377472
293673.733583491,223336.38962043665,,,,,,,,,,,,,,,,,,,,,0,2020-04-22 12:45:47,4.857166696215669,62.86600112915039,19.621999740600586,1.75600004196167,21.42099978402257,25.276999730616808,145.71500088647008,68.46143517555143
295048.5496476993,203246.1578296096,,,,,,,,,,,,,,,,,,,,,0,2019-01-19 15:37:57,7.5660332043965655,74.23799896240234,3.7869999408721924,3.7869999408721924,3.7869999408721924,21.24500024318695,226.98099613189697,63.86848209991375
273460.43585882086,205332.0694321553,,,,,,,,,,,,,,,,,,,,,0,2018-11-13 22:12:30,2.84009998627007,21.625999450683594,3.755000114440918,0.8790000081062317,4.63400012254715,18.685999810695648,85.2029995881021,37.074009532297694
286909.3111681818,221891.97146393883,,,,,,,,,,,,,,,,,,,,,0,2021-06-06 11:45:40,2.167769964536031,19.402000427246094,2.785799980163574,0.0,2.785799980163574,2.785799980163574,65.03309893608093,25.253421515906464
303883.54885748704,205566.27340268405,,,,,,,,,,,,,,,,,,,,,0,2017-06-22 09:38:24,4.532633325457573,27.819000244140625,13.39900016784668,0.7490000128746033,16.168000161647797,60.22500044107437,135.9789997637272,66.13685616926325
290576.17151655944,228899.28535399152,,,,,,,,,,,,,,,,,,,,,0,2020-09-06 07:50:24,3.333866698543231,21.399999618530273,3.2190001010894775,3.2190001010894775,4.14300012588501,33.15100085735321,100.01600095629692,44.936909036699674
302959.42989746283,196270.01377840116,,,,,,,,,,,,,,,,,,,,,0,2020-09-24 21:23:05,5.990799947579702,72.447998046875,0.0,0.0,0.0,67.91900062561035,179.72399842739105,92.81146516520806
289690.9688597981,210509.0967478037,,,,,,,,,,,,,,,,,,,,,0,2018-11-25 11:37:32,6.027000017960867,38.58300018310547,28.673999786376953,28.673999786376953,28.673999786376953,28.673999786376953,180.810000538826,80.6628468964289
280313.22366552264,203391.2490746385,,,,,,,,,,,,,,,,,,,,,0,2018-04-24 23:46:14,2.54846673582991,37.573001861572266,5.936999797821045,5.936999797821045,5.936999797821045,5.936999797821045,76.45400207489729,36.2234168320435
292796.9760267923,194586.0300679489,,,,,,,,,,,,,,,,,,,,,0,2017-01-10 16:26:59,4.167111015982098,13.694999694824219,13.694999694824219,0.0,13.694999694824219,26.43199923634529,37.50399914383888,26.876895880761303
302991.0469044087,218956.15979932336,,,,,,,,,,,,,,,,,,,,,0,2021-09-06 16:24:57,10.844623179454356,128.09629821777344,0.0,0.0,0.0,53.6567006111145,325.3386953836307,113.14748448434415
306242.4195526956,226595.8659452457,,,,,,,,,,,,,,,,,,,,,0,2021-09-26 14:38:17,3.7533332753305633,45.255699157714844,12.915899276733398,0.0,12.915899276733398,39.41759920120239,112.5999982599169,47.197578919782494
292596.73478217615,201563.98998288155,,,,,,,,,,,,,,,,,,,,,0,2018-03-16 18:30:40,2.4654333100188524,30.01099967956543,0.531000018119812,0.531000018119812,0.6200000210665166,11.571999685373157,73.96299930056557,32.59305566737452
311296.45911671256,196948.54323633277,,,,,,,,,,,,,,,,,,,,,0,2017-02-28 05:42:14,0.7205666745702426,7.63700008392334,0.10199999809265137,0.0,0.10199999809265137,4.611000061035156,21.617000237107277,8.580112887131747
306873.3667825411,221471.19371665872,,,,,,,,,,,,,,,,,,,,,0,2017-08-13 00:47:50,4.378933340357617,24.659000396728516,14.609000205993652,14.609000205993652,17.192000150680542,50.99600052833557,131.3680002107285,63.10638973838407
291621.4781574693,195133.2000272134,,,,,,,,,,,,,,,,,,,,,0,2017-05-04 10:45:26,7.235699910856783,41.862998962402344,15.76200008392334,0.0,19.353000164031982,24.89700025320053,217.0709973257035,90.54266980885858
287953.52879655367,211060.44927562456,,,,,,,,,,,,,,,,,,,,,0,2021-02-25 18:44:06,3.5268699391977862,19.10140037536621,5.775899887084961,0.0,5.776899887016043,26.57920022099279,105.80609817593358,45.57413867951934
294751.14976582484,203876.8578712273,,,,,,,,,,,,,,,,,,,,,0,2021-06-16 17:43:18,2.4023832589387895,24.365598678588867,12.66510009765625,0.0,13.791200041770935,27.84589970111847,72.07149776816368,38.61503614072859
269772.38437140733,203012.70001059305,,,,,,,,,,,,,,,,,,,,,0,2017-10-07 17:51:11,2.0129666042164898,46.176998138427734,0.0,0.0,0.0,0.0,60.3889981264947,11.72784587371313
270456.18737176183,218888.83480595244,,,,,,,,,,,,,,,,,,,,,0,2020-09-24 19:11:17,3.1976666795051036,21.277000427246094,0.0,0.0,0.0,33.489999771118164,95.93000038515311,41.279834206198274
290862.33389584965,230600.15528114745,,,,,,,,,,,,,,,,,,,,,0,2017-11-24 03:57:06,3.0668666165632508,37.65399932861328,0.0,0.0,0.0,13.831000213511288,92.00599849689752,29.843632006328267
302636.9408337584,232103.56863652493,,,,,,,,,,,,,,,,,,,,,0,2018-11-02 03:45:14,4.2909333691000935,48.58399963378906,0.0,0.0,0.0,42.445000648498535,128.72800107300282,50.46586584709101
303995.16885467665,215490.58536511924,,,,,,,,,,,,,,,,,,,,,0,2019-12-30 20:57:58,4.3627332280079525,46.75299835205078,3.0490000247955322,3.0490000247955322,3.0490000247955322,30.45799946784973,130.88199684023857,46.2080178823674
312674.5027572546,212436.65407875847,,,,,,,,,,,,,,,,,,,,,0,2020-08-06 20:47:36,9.67929996990521,99.1709976196289,28.06100082397461,2.2669999599456787,31.494000792503357,172.7009996175766,290.37899909715634,170.90956791923966
289813.26119848224,203576.14951895553,,,,,,,,,,,,,,,,,,,,,0,2021-05-16 01:49:02,2.212659935156504,15.756799697875977,9.419699668884277,0.0,9.419699668884277,19.65649962425232,66.37979805469513,33.650375703648834
287401.62311392,206132.94910164116,,,,,,,,,,,,,,,,,,,,,0,2017-03-23 17:34:33,2.232833302207291,17.6299991607666,5.755000114440918,5.755000114440918,5.755000114440918,16.98799991607666,66.98499906621873,30.878788811425277
263647.03029759164,220340.75069469525,,,,,,,,,,,,,,,,,,,,,0,2017-12-25 11:50:18,3.009066718816757,33.275001525878906,8.994000434875488,8.994000434875488,9.401000440120697,55.4050018787384,90.27200156450272,56.64542002179442
269519.4519137236,211883.40219341996,,,,,,,,,,,,,,,,,,,,,0,2018-05-27 22:16:38,4.713800020019213,29.68400001525879,1.36899995803833,1.36899995803833,1.36899995803833,28.18200048804283,141.4140006005764,71.14742630555158
277007.6534033538,198953.8937791304,,,,,,,,,,,,,,,,,,,,,0,2018-07-21 08:10:36,2.008000006522828,13.248000144958496,1.2120000123977661,0.0010000000474974513,1.2130000124452636,8.124000145005994,60.24000019568484,20.676627368412216
