Max_Rainfall_30day,Avg_Rainfall_30day,Soil_Depth_cm,Elevation_m,Slope_deg,SHAP_Max_Rainfall_30day,SHAP_Avg_Rainfall_30day,SHAP_Soil_Depth_cm,SHAP_Elevation_m,SHAP_Slope_deg,IsLandslide
13.521,1.6638668,200.0,858.9466552734375,30.174786511356128,0.0962599968421273,0.07735166615399067,-0.03592333234671969,0.0015516669949283822,0.06165999841352459,1
21.59,3.7231333,76.0,633.5764770507812,11.422098571087414,0.018498333880561404,0.12456499968946445,0.1753066626994405,0.11150666419940534,-0.018976666547823696,1
23.754,3.1898334,200.0,698.3079223632812,30.540238113471773,-0.021316665544873103,0.19538332967320457,-0.009383332738070748,0.04840833304740954,0.18780832946125883,1
22.443,3.3064668,200.0,653.3472290039062,2.167766373941818,-0.040009998952155,0.20638166312361136,-0.01413499927672092,0.13006499853974673,0.15859833092312328,1
25.374,3.7131336,200.0,680.1133422851562,12.948551891512016,-0.03204666541714687,0.02244499968306627,-0.04007166552124545,0.006270000492804684,-0.025696666050353086,1
34.709,4.897633,200.0,902.8043823242188,1.2653253099567934,0.02927499994984828,0.026650000014924444,-0.013566666208207607,0.048299999007140285,0.2102416621899465,1
32.418,4.660733,200.0,651.35498046875,1.9058586452679311,-0.014891665790928528,0.004266666363691911,-0.009849999502766877,0.11694999836327043,0.1844249970052624,1
40.502,3.6915002,200.0,812.0546875,17.419669369819996,0.1064699987048516,0.20613666248566007,-0.020246665781596677,0.031903332897927614,0.026636666607228108,1
24.229,3.3708,200.0,656.0740356445312,7.620385324504959,0.031186667064903303,0.2389699955721153,-0.014579999255365692,0.12921166472835466,0.09611166570335626,1
41.719,3.4093332,200.0,650.7715454101562,2.283487972861629,0.08523499929346144,0.2397599945659749,-0.003439999572583474,0.12601833219698164,0.1233266644278774,1
41.719,3.4093332,200.0,661.576904296875,4.099506388424334,0.09614499875809997,0.2406866612599697,-0.0008049995586043223,0.14649499824678058,0.05837833260768093,1
36.614,3.4179664,200.0,705.7612915039062,7.271432607732088,0.047503332775086164,0.27994499401480427,-0.008121666020015255,0.027745000405120665,0.03382833266514353,1
27.244,2.4905665,200.0,599.5955200195312,26.42225643911853,0.03930333364289254,0.10322833198239095,-0.018246665986953303,0.2806366579502355,0.05597833236039151,1
15.137,2.4969332,74.0,797.7042846679688,28.804639833106535,0.16411832888959907,0.16921833199914546,0.11872666204406414,0.040093333627446555,0.07874333197076339,1
40.116,4.889633,69.0,701.8995361328125,8.878003712115325,0.09425999939267057,0.0050183335616020485,0.16465166238544043,0.05334333340928424,0.04362666607776191,1
46.208,4.0689335,76.0,642.9898681640625,16.739746398025268,0.03721000025456306,0.06910166647168808,0.122584996385267,0.18061833063722588,0.021384999902220442,1
46.208,4.0689335,200.0,664.0009155273438,4.397685532034581,0.09026999906403944,0.08938666544738226,-0.011904999517719261,0.20314499781699852,0.09000333217612934,1
86.455,5.793433,200.0,752.6060791015625,20.066764188448108,0.1724133302847622,0.013746665923390538,0.004671666684444063,0.12987166549835819,0.060196665710536765,1
8.144,1.1553333,0.0,628.6763305664062,12.21674228651174,0.061708330232650044,0.1807749985897681,0.21881665873748715,0.07223333251837176,-0.012633333137491718,1
7.988,1.1794333,76.0,638.4640502929688,14.585697170820856,0.08109166346490383,0.18766666541516316,0.13249999644351193,0.1000499988545198,-0.010408332463703119,1
8.144,1.1553333,76.0,647.3713989257812,1.876816021329032,0.09552999726554845,0.1775799979979638,0.10167166275437921,0.07966333282878622,0.07645499838865362,1
27.816,1.8671,76.0,1015.6033935546876,26.465120526135166,0.05673666646471247,0.20766999689338264,0.16659499500819946,0.06892833146266639,0.05096999972302001,1
27.816,1.8671,76.0,923.3803100585938,29.86569773534977,0.059753333263797684,0.18740333072608337,0.19171166147338226,0.026511666573351248,0.045519998869858684,1
27.816,1.8671,76.0,970.4189453125,24.43788343065662,0.060539999443572017,0.2190566635131836,0.19154832768428606,0.045048332508886235,0.024706666808924638,1
10.937,1.7727666,76.0,647.1239624023438,7.096462784562859,0.007366665570880286,0.15164999878325033,0.16894166242855135,0.07012499874341302,0.03281666651775595,1
10.937,1.7727666,76.0,644.5247802734375,21.031767858650852,0.003993332189274952,0.1383016655233223,0.1662349959136918,0.1081933311210014,-0.01582333287107758,1
25.34,3.8108666,74.0,842.1253662109375,10.860208749565473,0.02877166689664591,0.13933833204268012,0.27139665908529426,0.02953833302250132,-0.00814499997184612,1
24.224,4.3214006,69.0,695.5693359375,5.743333478787576,0.021496667189639992,0.10296333153441083,0.28606332605995705,0.03506333312077913,0.0553133323835209,1
16.085,4.2390003,36.0,713.0020141601562,14.183644906350509,0.03892999864881858,0.09417999907338526,0.38708832207194066,0.06786333289230242,0.012838333446998149,1
14.531,1.8985333,200.0,930.3201904296876,26.504300213080285,0.2696499931975268,0.14741666486894245,-0.022408332361956128,0.0455833324091509,0.08065833184460644,1
50.522,5.0841,200.0,760.4298095703125,13.136437811893146,0.10992333227011841,0.12160666494164615,-0.0017849995801225305,0.1176316654245602,0.0035233333409996704,1
25.813,3.362567,76.0,1050.29150390625,30.99843646998912,0.020501667200005614,0.21954333058034536,0.08683499740727711,0.03549333209753968,0.11852666504855733,1
45.514,4.7068334,200.0,672.4782104492188,5.6698758869022665,0.022435000501573085,-0.05163166580721736,-0.020289999564993194,-0.005673332798760384,-0.013939999713329598,1
30.925,4.0517335,137.0,1018.1727905273438,28.581959359549582,0.034755000411532816,0.07372999981802422,0.013530000057653525,0.04835499830543995,0.12052999859966804,1
16.952,3.1872,200.0,1254.79150390625,25.571582990043375,0.03164833247254137,0.18478999714832753,-0.012493332825251856,0.028989998881006614,0.09796499874792061,1
43.367,5.5509,200.0,632.1166381835938,5.61246904513268,0.11111833263654262,-0.005973333521396853,-1.4999844715930521e-05,0.23539332961372567,0.09037666583841202,1
45.514,4.7068334,200.0,639.2763061523438,5.8817000583975245,0.1213633328070864,0.04128833267081063,-0.010703333079000003,0.24900499664188827,0.07994666583137587,1
40.422,4.3125,200.0,643.0394897460938,3.3672464594447264,0.1530066651821835,0.14246499732253143,-0.012018332830048167,0.1810483303834917,0.0863983315601945,1
40.422,4.3125,200.0,645.9832153320312,3.5426885741948015,0.13641999860818033,0.14315333036414812,-0.012988332889508456,0.11821166558773256,0.06610333203629125,1
40.422,4.3125,200.0,645.6275024414062,2.7192935593680194,0.14890833190467676,0.1643083302746527,-0.010799999579321594,0.14169999838224612,0.12678333082236348,1
37.136,3.1373668,200.0,665.84716796875,4.8211758585625875,0.07361999901651871,0.22232832922250964,8.666700741741807e-05,0.11952833222399932,0.07533666553208604,1
44.267,3.3371332,200.0,648.8260498046875,17.883261423882782,0.08544333247060422,0.21480999565799722,-0.011673332477221266,0.10135999847610946,0.010960000036284327,1
32.012,3.0269,200.0,770.6116943359375,32.315049531972605,0.01946000045572873,0.19064332980371546,-0.007548332864535041,0.032843333106138746,0.305501661276794,1
31.193,5.889734,200.0,659.1643676757812,7.923609769092145,0.00966333353833761,0.10761332963476888,-0.004403332895017229,0.13188833166786934,0.07613833275274373,1
28.511,3.0409002,200.0,720.662109375,27.73938045356964,0.02390666736406274,0.16851499698648695,-0.011276665987679735,0.0679983327240916,0.21175666301336604,1
29.916,4.2329335,36.0,762.7011108398438,9.986247021938116,0.017263333566952498,0.08664666632539593,0.4152799885778222,0.037938332837657074,0.01377166610036511,1
29.916,4.2329335,36.0,754.4640502929688,21.845395527526936,0.00026333381596487014,0.0837716657819692,0.3908216556737898,0.031138333123526537,0.0049050001881551,1
42.59,5.0193334,36.0,851.5908813476562,14.44860605524815,0.06272833347844425,-0.011546665451605804,0.28876165848283564,0.005844999144319445,0.005111667095334269,1
42.59,5.0193334,36.0,826.1873168945312,23.28952862568071,0.07039166684786323,3.3334628096781674e-05,0.2800333253201097,0.029433332468033768,0.031008333474164828,1
42.59,5.0193334,200.0,879.4654541015625,27.027066906860465,0.11201999925833661,0.04291999990178738,-0.01007999966852367,0.008761666177306324,0.11727833211189136,1
25.02,3.6817334,200.0,840.80029296875,23.16916584317331,0.013390000180224888,0.2283899960241979,-0.018143332583131267,0.07312333198322449,0.08413999871117994,1
50.522,5.0841,200.0,711.1166381835938,27.00708825298183,0.11153666601574513,0.11315333182050381,0.006145000222022645,0.11467833241738845,0.14538666390348226,1
29.916,4.2329335,137.0,955.4078979492188,24.693755708556775,-0.030029998834943398,-0.006713332788203843,-0.015154999413643963,-0.04892999993695412,0.0017283335834508762,1
29.916,4.2329335,69.0,916.8599853515624,19.09511037595664,0.030304999981890433,0.09347999886609613,0.28146332648873795,0.01473833253432531,0.0009133332775672898,1
40.422,4.3125,200.0,630.8935546875,1.267365804292438,0.1315166655892972,0.1014833315310534,-0.004558332919259556,0.13898333092394752,0.10347499789728318,1
29.916,4.2329335,74.0,782.7376708984375,28.017450501701624,0.015815000979346225,0.0916899991169339,0.21872332755243407,0.02028999996895436,0.07438166531967,1
42.59,5.0193334,69.0,1142.8782958984375,15.811712005860192,0.08963499952864368,0.0252183335297741,0.22487666310335044,0.00550999773258809,0.01566000039689243,1
23.166,1.9486667,200.0,857.6399536132812,22.530176249071936,-0.1443549973348854,0.02734500026330352,-0.04345499871647917,0.0009200000722194091,-0.029554999241954646,1
192.526,10.099566,137.0,1457.4224853515625,28.78254962841944,0.5614433166873641,0.06667666231689509,-0.007681666672579013,-0.03682333376724273,0.04728499986638781,1
147.763,7.5538664,200.0,931.3594970703124,24.87540191586736,0.5422083169530378,0.0008083313377574087,-0.003691666566301137,-0.010000000033178367,0.0415749994647922,1
147.763,7.5538664,200.0,923.7144165039062,24.959097325531054,0.5404666504112537,0.002191664584679529,-0.0036499999079387634,-0.012633333348785527,0.04452499953797087,1
211.26,10.974299,200.0,1051.166015625,23.287270658995837,0.5615649840189144,0.0488233296625549,-0.010368332955404186,-0.03213499946228694,0.013015000025625341,1
211.26,10.974299,76.0,918.3157348632812,22.974131139215107,0.5334033178404206,0.03841166318161413,0.018544998900033534,-0.007105000265873969,0.007644999895710498,1
147.763,7.5538664,200.0,934.7809448242188,28.302050435261883,0.5344649835739983,-0.010085001721745358,-0.004543333235196769,-0.002910000232513994,0.05397333315049764,1
163.72,8.332733,41.0,1070.34375,9.613059998131233,0.44128998643311207,-0.059926667329855264,0.10237332995748147,0.0010483329382259398,0.016114999642013572,1
147.763,7.5538664,200.0,967.9274291992188,26.09016970345251,0.5148366507102037,-0.004963335104985162,-0.002863333277637139,-0.026663333289907314,0.050553332919371315,1
158.296,8.3174,200.0,1492.2376708984375,25.919076614352587,0.5774416501075029,0.020241663761553355,-0.00528333320224192,-0.03542500040086452,0.033925000132294374,1
211.26,10.974299,76.0,881.5689086914062,12.816187954778783,0.5279899844469037,0.042181663374067285,0.03145666514756158,-0.010193333522183821,-0.020534999900846743,1
147.763,7.5538664,200.0,951.2706298828124,23.217773777797134,0.5048766515310854,-0.00048166859545744955,-0.0040066665271297095,-0.041648333041230216,0.022159999719588087,1
192.526,10.099566,200.0,1352.8140869140625,23.30855246535522,0.5682633170456393,0.07136332947236951,-0.010761666357284412,-0.04697000036947429,0.019005000076140276,1
149.09,7.578734,200.0,678.4058227539062,8.595651918039797,0.4944649852800649,-0.012493335161707364,-0.00449333326832857,0.032806666906108145,0.01061499978590291,1
46.795,2.6099,74.0,789.8726196289062,24.558582478059595,0.0047650000330759215,0.1347149968269514,0.2825566586764762,0.019181666809599845,0.03968166636594105,1
46.795,2.6099,74.0,803.3236694335938,22.311765675349736,-0.007169999643228948,0.15341332972282543,0.2880049917299766,0.02002999994379934,0.016621667036088184,1
39.408,2.2263,74.0,776.2501831054688,26.061105311465884,0.06818833249271847,0.13007999735127668,0.233429992783349,0.013521667276509107,0.03567999881808646,1
39.408,2.0733333,200.0,836.4517211914062,20.441049025785514,0.09769166514975951,0.16419166310690345,-0.029891665455652403,0.04992499957617838,0.048983333103824404,1
20.769,2.2071335,200.0,815.6177978515625,18.713149110193623,-0.024641666167299264,0.1245666651922511,-0.04114166527928319,0.019291666494100353,-0.027174999459530228,1
20.769,2.2071335,200.0,780.4652099609375,7.369174156970744,0.017276666958350687,0.1575599975057412,-0.03617333193949889,0.050434999642311594,0.07180166599806398,1
28.516,4.1316004,76.0,654.7350463867188,6.860417304200713,0.014871667317347601,0.10316333302704152,0.1792216623586137,0.10957999883685261,0.0540633323113434,1
18.163,2.2379,36.0,744.5715942382812,21.462769655517057,-0.025094999266439117,0.1213049987150589,0.36454665539204145,0.052605000368203036,0.03753833301598206,1
61.51,8.7962675,200.0,650.01806640625,3.8723212973662897,0.1268033331685001,0.12265332765004132,0.0019033334398409353,0.10958666690276005,0.039953333419398405,1
27.411,3.4146996,200.0,704.786376953125,12.388712729845276,0.02613000006764196,0.24721332813671323,-0.016753332718508318,0.04892166677396745,0.0053883335046703,1
19.733,2.2428002,200.0,713.4403686523438,11.169961525648382,0.15079333092318847,0.17533499699726235,-0.027839998826384545,0.05640166697034146,0.03620999970473349,1
26.24,2.8312998,36.0,687.9111328125,17.718555907393185,0.03384166755364276,0.10858333285083063,0.3805916553438874,0.03227499959524721,0.02560833331081085,1
30.199,3.7048998,36.0,733.7418212890625,8.728918901356044,0.02573500040860381,0.11645999900647439,0.3918183219584171,0.036960000022081656,0.009926666631945408,1
44.588,4.0688667,200.0,1331.905517578125,35.2028324229989,-0.024971665837219915,-0.036688332141493446,-0.033979999176808634,-0.14149666571000125,0.03803666646766942,1
46.43,2.5725667,200.0,661.409912109375,10.442092927675652,-0.010248332966002636,0.022443332923576236,-0.04157333187351469,0.06463499928649981,-0.09435666542733089,1
43.789,4.4169006,76.0,638.064208984375,6.5171292979034,0.09355833306908608,0.010016667023883201,0.08518333133892156,0.1838833310973132,0.04825833276147023,1
57.442,4.2960334,200.0,661.3434448242188,7.166274966424096,0.09827166580187623,0.16322999619529582,-0.002519999556825496,0.1903549973689951,0.07156333240680396,1
57.442,4.2960334,200.0,650.6412963867188,1.0332076041045617,-0.014836665901821106,0.08457166491309182,-0.007544999474775977,0.09055499918409624,0.04815499839256518,1
57.442,4.2960334,200.0,669.1924438476562,9.458676505720444,0.12050999872968532,0.15057666303415318,-0.003006666368455626,0.10885999846679624,0.06395999863394536,1
51.964,3.7935667,86.0,663.2001953125,5.057193905934116,0.032468333308934234,0.08905166574637406,0.03770999877073336,0.17215166501002385,0.049518332720617765,1
27.601,2.0327332,200.0,903.4464111328124,16.78349743213418,0.02725333397043869,0.18656166379572825,-0.038404998709447684,0.048436666051857175,0.017053333439980632,1
27.601,2.0327332,200.0,914.62158203125,12.870331622900142,0.03678000050247647,0.21503832973307,-0.030469998852349817,0.08573833162081428,0.04381333299796097,1
27.601,2.0327332,200.0,914.7677612304688,7.421109543128437,-0.012848332276917063,0.148593330795411,-0.03813166549080051,0.09806833185488358,0.0252183326438535,1
24.248,1.9295334,200.0,644.1903686523438,0.8023616184217649,-0.00877166581165511,0.12486999746819492,-0.019771665802691133,0.1462783306412166,0.24829499458894133,1
24.248,1.9295334,200.0,659.8436889648438,20.255795121815545,-0.06765499812958296,0.03384500009880867,-0.04268833181762602,0.06451166598068085,-0.05711333224724512,1
24.248,1.9295334,76.0,662.0929565429688,1.863788202868294,-0.004251665587071329,0.15357333114137872,0.1314649955497589,0.08941499910084531,0.11069833056186326,1
36.98,2.1457667,58.0,689.580810546875,13.48883758825602,0.00756000051740557,0.1540766643313691,0.2989183233329095,0.02784333336749114,0.03250166654819622,1
25.512,2.1101665,200.0,782.07861328125,35.469272542822914,0.026976667483104393,0.14549333167378792,-0.017431665847543628,0.059276666158111765,0.18658499590237626,1
24.848,2.4037004,200.0,668.7072143554688,5.339241458301794,0.01142833433812484,0.10424499842512887,-0.034329998687608165,0.03235333351942245,0.02720333270553965,1
24.848,2.4037004,200.0,675.5184936523438,4.525186208861695,0.023185000687954017,0.1345766643626848,-0.029514998761587776,0.052301666564308104,0.050351665891939776,1
24.848,2.4037004,200.0,677.580322265625,3.60784310372223,0.04080833392392378,0.15516666374052876,-0.02296666564885527,0.08421666593814735,0.08367499818385113,1
24.848,2.4037004,200.0,645.5275268554688,4.541908907886475,-0.03246666498715058,0.06278333243739326,-0.0379166653205175,0.008124999803258107,0.030375000107451342,1
17.197,1.4422758,76.0,917.7154541015624,17.19295810824431,0.019315000499482267,0.1660316645540297,0.19252332776086406,0.04334833315690048,-0.0003183329466264695,1
14.657,1.374862,200.0,795.7256469726562,23.72158775206813,0.28646165880491026,0.1175866656540893,-0.025521665871492585,0.04669499972718768,0.05567833272390999,1
37.498,3.1557667,200.0,1290.8900146484375,11.770671557129232,0.03848999933630694,0.1533149976655841,-0.025968332562479192,-0.12145166561938822,-0.07348499907471705,1
33.866,2.9174001,200.0,928.4540405273438,31.28147098396076,0.03910000039963052,0.2142999964673072,-0.007374999620369635,0.010499999437015503,0.21437499641324392,1
42.728,3.7120333,200.0,1069.212158203125,39.653501367885234,0.0008316674130037427,0.14387333113525527,-0.02957666585512925,-0.028259999649599195,0.10403166507836431,1
33.866,2.9174001,200.0,975.1402587890624,32.212398043797464,0.042031667010160166,0.2104566637647804,-0.00720999970624689,0.0254816655482864,0.22013999632268677,1
41.483,3.7187998,76.0,1337.25732421875,27.823712185299023,0.05864499990886543,0.18432833060680423,0.11156999724626075,-0.008280001109815202,0.07463666687486693,1
42.115,3.1645334,200.0,1061.7462158203125,34.278596128448484,0.038881666978704744,0.22793166227289474,-0.018018332866486162,-0.0063600002828752625,0.14846499728620985,1
30.658,2.5766335,200.0,680.2410278320312,14.461293785388794,0.022471667302306743,0.16587999723968097,-0.0302449988637818,0.10010499902942684,0.06268833279144019,1
31.011,2.5626333,200.0,820.1845703125,30.978913352159292,0.05372500014957041,0.19096666341356466,-0.025308332287240772,0.011341666706721298,0.20017499613342807,1
31.011,2.9615664,200.0,724.8814086914062,20.1118746709438,0.012036667190259323,0.16788666322245263,-0.01917166585335508,0.0818116656463826,0.058336666249670086,1
31.382,3.0850668,69.0,630.0560302734375,5.780662288064916,0.055905000300263054,0.15441333130875137,0.16051332842966076,0.14157999756687786,0.05848833268741146,1
31.382,3.0850668,69.0,633.684326171875,18.0308579748963,0.04905000044440385,0.14014166581619064,0.1338916619733209,0.15528333046182524,0.012533333573373965,1
31.382,3.0850668,69.0,639.6517333984375,17.262237307137365,0.022778333972091787,0.10261166661395692,0.16576166191254743,0.08251166534493677,-0.012763332783943043,1
31.382,3.0850668,69.0,634.1643676757812,18.605298733844265,0.039748333844472655,0.13096499926701655,0.13726499539334328,0.1410399975447217,0.001881666912813671,1
31.382,3.0850668,69.0,627.0761108398438,3.653247048093525,0.048460000234772455,0.1513183313672198,0.14011832902266178,0.13336833163513803,0.03763499923807103,1
31.463,3.5975,200.0,609.83984375,13.627035676507065,0.07995666592905763,0.2580149946018355,-0.010451665917062201,0.19078166219755077,-0.0074016667163232346,1
31.463,3.5975,200.0,589.261474609375,2.3268849613248843,0.0455216662643943,0.20004666263936088,-0.006336666424176656,0.3479716558905784,0.04369666552520357,1
31.463,3.5975,200.0,590.3350219726562,2.00306434358108,0.0470499995618593,0.19659166256547905,-0.006558333061402664,0.3300749897392234,0.033741665676934644,1
31.463,3.5975,200.0,590.411376953125,3.234002864991582,0.04276499974774197,0.20212332925235388,-0.00933499967912212,0.3556233223568415,0.019723332709399983,1
31.463,3.5975,200.0,594.3280639648438,16.556026764582107,0.05047166600590572,0.22311332900368142,-0.009544999482459389,0.3603383219940588,-0.013478333178791218,1
31.463,3.5975,200.0,588.2960815429688,1.2044353832705632,0.054236666175420396,0.19164499571197666,-0.005813333024852909,0.3370616562489886,0.05376999845262617,1
31.463,3.5975,200.0,603.8822631835938,27.74924707991831,0.05253333310422022,0.24213332888437436,-0.004158332829829306,0.1292333293671254,0.07115833186602685,1
31.463,3.5975,200.0,591.844970703125,5.583398238485899,0.04308499969542026,0.19815166283864527,-0.01108999952673912,0.3586516559275333,-0.007898333325283603,1
31.463,3.5975,200.0,614.8749389648438,13.165184048132794,0.08270333258202299,0.2582783278939314,-0.009854999326635153,0.2192866615630919,0.00048666650953236966,1
31.463,3.5975,200.0,592.5073852539062,7.865262817195378,0.03997999963816255,0.20561332961253356,-0.010044999509118498,0.34242998945119324,-0.007078333272365853,1
31.463,3.5975,200.0,626.6869506835938,14.340795896016486,0.08169333262077999,0.25047666098282206,-0.017714999105082826,0.1774266631162027,-0.0009816662938101218,1
31.463,3.5975,200.0,585.253173828125,2.689317340374196,0.042113333023153246,0.207213329023798,-0.007119999728747644,0.3533299890824128,0.03536333235562779,1
31.463,3.5975,200.0,588.9473876953125,2.444051351979587,0.0442149996117223,0.203173329247511,-0.006359999746782705,0.34929832252673804,0.04057333216594998,1
31.463,3.5975,200.0,587.6401977539062,5.005429777042309,0.04076499966264237,0.20136499595304486,-0.009301666280371136,0.35248165608674753,-0.004410000026691705,1
31.463,3.5975,200.0,588.5765991210938,25.76537087775817,0.03875166624435224,0.21597666278423275,-0.0034483328921487556,0.3076016567851184,0.04201833272702061,1
31.463,3.5975,200.0,584.791748046875,1.5603101810073692,0.0508083328185603,0.19306666232121641,-0.005774999712593853,0.33615832279785535,0.04664166521455627,1
31.463,3.5975,200.0,588.5432739257812,1.226259159595842,0.05416999950713944,0.19164499571197666,-0.005813333024852909,0.3369949895807076,0.05390333178220317,1
31.463,3.5975,200.0,618.4152221679688,9.51364618257464,0.07465333274565637,0.2414283286361024,-0.013454999329987914,0.17262832949869333,0.025644999107462353,1
26.974,2.4211335,200.0,640.522216796875,13.00122117865172,0.03125666709558573,0.13350666512968018,-0.028693332237307915,0.13612333036202473,0.048706666571670214,1
25.135,2.3058667,200.0,679.884033203125,16.353282045664,0.088436666369671,0.20606999643146992,-0.02052999896579422,0.1294533315784065,0.09746999901428353,1
25.135,2.3058667,200.0,661.5533447265625,15.970095085107168,0.07417000018933323,0.16662833067181054,-0.021429998890380376,0.1267283310421044,0.07480333264917136,1
39.291,3.5965002,200.0,591.6488647460938,29.713637194438697,0.08605666594521608,0.21205666268477216,-0.003968332957010716,0.2539899908431107,0.06276499857776799,1
39.291,3.5965002,200.0,567.1470947265625,19.084923369423596,0.09316666542785242,0.21696666287141853,-0.005466666085412726,0.24680832488520538,0.009424999948823825,1
39.291,4.2620335,200.0,684.2359619140625,7.743674192037977,0.19498999685281887,0.16037333021231462,-0.0159599994745804,0.09358166556747165,0.04791499948594719,1
39.291,4.2620335,200.0,670.9634399414062,14.2860331644768,0.1932849965034984,0.1495099967997521,-0.015531666146125644,0.10487666541186627,0.028759999606991188,1
39.291,4.2620335,200.0,643.3182373046875,25.69917779311254,0.16899333127657884,0.1415933309297543,-0.012856666099396534,0.14084333063918167,0.04232666548807174,1
39.291,4.2620335,200.0,679.5213012695312,14.294770729355026,0.20741499629919416,0.14910666338750161,-0.015576666165143251,0.1419066647667205,0.028048333068727515,1
39.291,4.2620335,200.0,663.3942260742188,17.11554699488932,0.19188333009078634,0.18514166321663653,-0.016408332808641717,0.16879999756987674,0.031483332861680535,1
39.291,4.2620335,66.0,663.7872314453125,18.09208245155982,0.11657999894639942,0.14161333121242933,0.10061332846875302,0.09492999892274384,0.047163332928321325,1
39.291,4.2620335,200.0,635.1656494140625,21.911512765673084,0.1935549970640568,0.1466549971717177,-0.01172833280346822,0.1579216631304007,0.044496666008490136,1
39.291,4.2620335,117.0,659.122802734375,12.708779089248695,0.17949499687820208,0.17251166351081337,-0.0018550002539996057,0.15665333132026718,0.024094999768421985,1
39.291,4.2620335,200.0,661.679931640625,16.655702911077377,0.18662166347028689,0.17983833000820595,-0.01566166608594358,0.17872166418877897,0.031379999488708565,1
39.737,3.4235666,200.0,678.8421630859375,5.37088006300619,0.14493166437430774,0.2567566610028734,-0.0021433327614795417,0.05869833289820235,0.012656665894319304,1
38.611,3.2720335,200.0,921.0166015625,26.84989375658511,0.13500666498788633,0.3004733272054,-0.0016266662057023496,0.02372333296283614,0.10332333117316012,1
38.086,3.2076333,200.0,722.7894897460938,3.1104138023275336,0.07828166608000174,0.1647149968217127,-0.01577666607510764,-0.01595999893033877,-0.06035999952291604,1
38.611,3.2720335,200.0,926.6800537109376,8.822484745982067,0.13880999787594192,0.2751933274493786,-0.010523332650773227,0.02059333298646379,0.03682666633336339,1
38.611,3.2720335,200.0,939.60009765625,27.47662914192767,0.13397166517621373,0.3150133270479273,-0.0014949995919596405,0.010346666446421295,0.10306333131855354,1
39.737,3.4235666,200.0,675.2901611328125,13.557425347853949,0.16936333049030508,0.25162999486841725,-0.002336666089249775,0.06264666631992441,0.009596666701254435,1
38.611,3.2720335,200.0,932.1050415039062,31.622057334666216,0.10861833225761075,0.30543499426858034,-0.009281666084425523,-0.014773333188495599,0.09090166406298522,1
38.611,3.2720335,137.0,868.4619140625,32.08353789432206,0.10230999890656677,0.27605999460676683,-0.04018999991414603,-0.000481666584382765,0.12320166400982999,1
38.611,3.2720335,200.0,920.0560302734376,27.360581476765685,0.1406083316222066,0.3124749935074942,-0.0008583329420071095,0.022783332925173455,0.10589166452584323,1
38.086,3.2076333,200.0,743.1469116210938,17.949209508914684,0.14777833101572468,0.2135116620408371,-0.007621666060877033,0.0488449997472344,0.038386666137957944,1
20.466,3.4472337,200.0,1001.4910278320312,22.561605205668428,0.08316999890259467,0.27812832829542455,-0.007138332813046873,0.12041999700595625,0.046319999817642385,1
20.466,3.4472337,200.0,949.005615234375,36.17040534237367,0.022369999807560815,0.2509283288585721,-0.010279999654740095,0.05457833206397481,0.08330333142308519,1
20.466,3.4472337,200.0,1024.2913818359375,18.22575195852332,0.08172999899135902,0.2504133289778838,-0.015653332516667433,0.10807999703916721,0.006330000212183222,1
19.01,2.8483665,200.0,759.526611328125,5.742696243065132,0.14293166461924556,0.17824833064340054,-0.029676665482693352,0.06267333334311843,0.02672333294758573,1
19.01,2.8483665,200.0,760.979736328125,20.88160705648221,0.1395349976950092,0.140626664988813,-0.022756665701745078,0.10026833246171009,0.03322666645108256,1
19.01,2.382733,76.0,1050.8065185546875,28.395900131040793,0.048043333228561094,0.164626665651449,0.1038183296227362,0.02927666620060336,0.04513499955472071,1
19.01,2.382733,200.0,1012.5911254882812,5.239044845866138,0.11190333185135387,0.19241166439082008,-0.021771665435517208,0.1360616636055056,0.07229499832319561,1
15.55,2.703467,36.0,715.9203491210938,11.152518858294316,0.07487499915587251,0.1129916663147742,0.34040832285594663,0.049041666740668004,-0.006416666423319839,1
15.134,2.1175332,200.0,805.3048706054688,25.180682271788477,0.2550083267129958,0.1564916643552715,-0.014574999115429818,0.06880833286617417,0.09516666491515935,1
15.134,2.1175332,200.0,944.3960571289062,18.576228878912847,0.21929332690953743,0.17603499749617185,-0.026206665611825882,0.054526665707235224,0.007251666484517045,1
12.34,1.0310667,200.0,819.5386352539062,22.11661628541881,0.23673832743894307,0.21900499663781375,-0.025311665733461268,0.02282166659948416,0.03764666639210191,1
15.407,1.6399667,200.0,759.0234375,25.620365492772095,0.159721662865486,0.09040499892143998,-0.02003666576812975,0.06820499963185284,0.12260499764583073,1
14.347,1.5303333,200.0,754.9047241210938,15.1777938381553,0.2409283260651864,0.14351999764505308,-0.03717999888118356,0.04189499979664106,-0.028263332663918846,1
14.617,2.2784998,137.0,623.51416015625,8.402949513017548,0.213678326093941,0.1473116653744364,0.0561699989164481,0.06730333200888708,0.02643666667107027,1
14.617,2.2784998,200.0,608.7820434570312,7.0414762308129974,0.15278832737240008,0.11101333257742226,-0.03307833222905174,0.046013331212452616,0.024163333780597894,1
15.281,2.2445,200.0,638.5472412109375,3.8136500635460946,0.1334833278635051,0.10979999907664023,-0.03008333235338796,0.1113583313417621,0.0663416656391928,1
12.499,1.7176334,200.0,661.55224609375,6.19525467690143,0.10973666223697365,0.14266166507732123,-0.030221665757126176,0.08641166623041499,0.042311666562454775,1
12.66,1.7766334,137.0,638.7579956054688,2.8920531181500966,0.15703999670571647,0.16423166523047258,0.02493166621250566,0.1384483310271753,0.1062483318487648,1
11.75,1.2604333,200.0,933.6206665039062,34.55405213439769,0.13158832935034298,0.1895299975964008,-0.022003332543536088,0.007521666607935913,0.10426333109266124,1
12.66,1.3856667,200.0,688.158203125,8.460579973536172,0.20879832666483708,0.1713566641928628,-0.030668332287459635,0.05417333346558735,0.03724000052374322,1
12.66,1.3856667,200.0,689.0071411132812,0.8855846420380658,0.18273332788201516,0.18180833088350482,-0.019858332570875062,0.040341666808235456,0.12587499739485794,1
18.742,1.7463,200.0,1011.9978637695312,28.08712362294938,0.0650616665603593,0.17984499806480017,-0.020379999133292585,0.11681999773485587,0.07955333218269516,1
18.742,1.7463,200.0,900.2644653320312,23.018875723010996,0.08231666599400342,0.19586666385468562,-0.02700833243492525,0.1006749990413664,0.0690499997936422,1
20.496,3.0819001,200.0,776.9664306640625,21.717830023303986,-0.023276666390593163,0.06658166620414704,-0.03462666555366013,-0.030018332597101106,0.0022400006582029165,1
14.192,2.640967,200.0,834.5924072265625,29.540452103013212,0.3080749911419116,0.15784166484372691,-0.01990833240794018,0.04202499952632934,0.12286666422325652,1
14.192,2.640967,200.0,850.1137084960938,29.593242874821257,0.3034466578712454,0.16090499810990877,-0.01971999914268963,0.03682999966200441,0.11943833090597764,1
14.192,2.640967,200.0,876.8912353515625,25.848332425242766,0.34170165726274715,0.1392349980084691,-0.016506665819324553,0.04373499948938843,0.09273499824805186,1
14.192,2.640967,200.0,868.1065673828125,25.713882836029704,0.3318249907606514,0.13997499811521266,-0.015066665817284957,0.05330833263404202,0.09085833170393016,1
14.192,2.640967,200.0,932.9360961914062,18.95291335120241,0.3230599908914883,0.15434333063894884,-0.027506665601395072,0.06880999897839502,0.012193333161994814,1
14.192,2.640967,137.0,908.2991333007812,32.07125239464596,0.3011566597176716,0.15908166560984682,0.009556666151038371,0.027498333652620204,0.09360666432534344,1
14.192,2.640967,200.0,839.4303588867188,36.726864436390265,0.23776832568168174,0.15119333222857675,-0.020614999070530757,0.042509999548783525,0.11004333064483944,1
14.192,2.640967,200.0,946.5433959960938,24.291318147579236,0.3215383246698184,0.15345499826071318,-0.017619999076123348,0.050738332426990385,0.06278833247255534,1
14.192,2.640967,137.0,1034.253173828125,31.14494062465608,0.26114332654571626,0.16542666604102124,0.004718332978081889,0.010076666823006236,0.09953499789000489,1
19.602,2.7085996,200.0,741.1140747070312,17.91454315474645,0.14566333125636446,0.14428833117708564,-0.02799499877728522,0.07517166660574731,0.03377166652702726,1
19.602,2.7085996,200.0,729.74267578125,12.567259663549669,0.1866983306698967,0.17532333043694961,-0.021293332373024897,0.08530666645849123,0.054864999633282424,1
19.602,2.7085996,200.0,724.7642211914062,12.56228757241682,0.19032999720831867,0.1896966636076104,-0.019536665751365943,0.0991299996105954,0.06127999944030307,1
5.583,0.7885666,200.0,589.929443359375,2.965311953853458,0.09835166430391837,0.13776833112118766,-0.014914999433094635,0.2718683247524314,0.05782666553219315,1
5.583,0.7885666,200.0,588.7171020507812,6.384289787991647,0.0778116644709371,0.14707833103195297,-0.017704999438137747,0.29066999072383626,0.01304500006895978,1
216.731,13.991067,137.0,753.2685546875,13.574748979180052,0.5230333173961844,0.05197499646164942,-0.006375000090920366,0.029558333147433585,-0.017291666420642286,1
216.731,13.991067,200.0,871.8563232421875,20.370976878320988,0.5394699845451396,0.0666783298063092,-0.009771666330634617,-0.001121667052502744,0.005645000150543637,1
216.731,13.991067,76.0,674.2523193359375,8.354167352376601,0.4669799859053455,0.05479666332656052,0.019029999776976184,0.016780000072321853,0.023313333367113956,1
66.89,4.5368333,200.0,695.5961303710938,8.377693108120363,0.17239999779558274,0.03309166660881601,-0.007858332933974452,0.09313333255879115,0.07013333238835912,1
110.538,8.814567,36.0,891.981201171875,31.513621149261507,-0.04360333282616921,-0.11872833316330798,0.07694666323252022,-0.0803949995309813,0.006679999392363242,1
127.213,9.798833,74.0,793.487060546875,22.17012894672365,0.43941331972309855,0.02152999721816741,0.04027999873505905,0.01664666656695772,0.013030000068247317,1
155.981,11.946766,200.0,827.018798828125,21.462605887423983,0.5317599839536706,0.0439433301234385,-0.010448333101230674,0.0028683330299099905,0.022776666604331693,1
61.904,4.6860337,200.0,680.8150634765625,21.422261756607664,0.1612049981794553,0.02441333338385448,-0.0008866664359811694,0.13501333125692327,0.05115499928127974,1
61.904,4.6860337,200.0,790.2896728515625,25.88957957683653,0.15058666563185397,0.007370000396040268,0.0005950001807650551,0.05762833270302508,0.11471999813220464,1
19.832,1.9364334,200.0,670.342529296875,12.373866839137367,0.07394333193951752,0.16259333098889328,-0.022731665564351716,0.05655166638840456,0.08054333242936991,1
14.752,1.2918667,200.0,688.1716918945312,7.3145577619960065,0.24517665873572697,0.16490999702888076,-0.03664833226997871,0.03370999989216216,0.023751667024334892,1
13.942,1.5251999,76.0,703.7894897460938,3.4784599559709592,0.20460999550065026,0.18815999764367006,0.15043499607476407,-0.0040649997378932315,0.04175999914878048,1
13.942,1.5251999,137.0,718.5093994140625,10.003546151980224,0.26505165865935854,0.17535166387737264,0.08500166520650965,0.038026666908408516,-0.012531666677678004,1
13.942,1.5251999,137.0,713.4644165039062,7.6176816748964065,0.2695316590892617,0.18420666368445382,0.07867333198548294,0.02594833379553165,0.0325400004722178,1
13.942,1.5251999,137.0,712.4822387695312,8.737490141981999,0.2686666586634237,0.17692499710887205,0.08955833185871598,0.02864166695799213,0.007108333312207833,1
13.942,1.5536666,76.0,643.9950561523438,3.177596320692076,0.16359999598178546,0.18208333179645705,0.0906166634161491,0.10796666515467222,0.08663333163713105,1
13.942,1.5536666,200.0,638.0810546875,3.0675642651046786,0.19351666042697616,0.16010833205597008,-0.027491665807901883,0.13840833082853352,0.11635833157866728,1
13.942,1.5536666,76.0,641.8306884765625,2.989178353980236,0.16629832939943298,0.17985666510183365,0.09116499676427338,0.1067399985960219,0.0868399982812116,1
57.552,3.0855331,200.0,657.5421752929688,8.39965640838962,-0.019916665959754026,0.009441667055361903,-0.02168333251727745,0.03720833310042508,-0.024149999065557495,1
7.809,0.65753335,200.0,771.9120483398438,20.995769734986393,0.09415832974307704,0.11538333164004143,-0.03099166583153419,-0.002949999560951255,0.03530000009515789,1
7.809,0.65753335,200.0,781.9869384765625,13.4373860066521,0.0030016646906733512,0.06531833255663515,-0.043173332179430875,-0.03169833251798991,-0.09254833214799874,1
61.987,2.974733,200.0,629.3124389648438,0.6224667824507925,0.052149999039247635,0.13734999745036475,-0.002858333001495339,0.10825833152863197,0.1759999956889078,1
61.987,2.974733,76.0,630.8311767578125,0.7601370515737618,-0.013566666413098574,0.11253333133179694,-0.015875001202221028,0.09670833202078938,0.1010999973694561,1
49.143,2.4278333,200.0,620.5296020507812,0.0737003082484542,0.05029666646616533,0.13502166389429476,-0.009544999388745055,0.16369666346057785,0.19142999529547525,1
49.143,2.4278333,200.0,624.1475830078125,6.873812608934303,0.04265166628232692,0.11071833103487734,-0.022139999149367214,0.21182666311506182,0.06784333308634814,1
60.58,2.9513667,200.0,803.1635131835938,6.8259146809514455,0.150581664078054,0.1871983291360084,-0.010151665942394174,0.06662333249812946,0.056648332725744696,1
60.58,2.9513667,200.0,802.4471435546875,9.97975990950422,0.16969833029725123,0.1912149957002839,-0.006834999423590489,0.07741499910480343,0.059406665544956924,1
12.499,0.8593999,200.0,633.9937744140625,15.284923440330385,0.1618516612309031,0.22699333025666418,-0.02350666583981365,0.152284997086972,-0.026723332629771904,1
24.973,1.6195666,200.0,642.4486083984375,1.7815024356747995,0.014728334095561877,0.14419499698269647,-0.021079999116482215,0.15941166395263281,0.1936449959332822,1
24.973,1.6195666,200.0,639.7681884765625,4.714159986540639,-0.03421833185653668,0.078256664951914,-0.03764333217521198,0.10863166521827225,0.025873333067283965,1
40.547,2.4954,76.0,669.5177612304688,1.732363829048953,0.06782499935303349,0.1508083307329798,0.12935832994873636,0.028724999589612707,0.09418333057838027,1
14.179,1.1723,137.0,666.2479248046875,12.8153873914035,0.2688733256753767,0.18734833005350082,0.018706665874342433,0.06256499933835585,0.00340666672331281,1
14.179,1.1723,76.0,667.9346923828125,19.303209995566306,0.23478666123875883,0.18396166450926102,0.10181999641179573,0.04130333329201676,-0.0009716664260486141,1
14.179,1.1723,200.0,681.9000854492188,10.164374990163392,0.2779899913852569,0.2177566626423504,-0.03150999905366916,0.05173166647378821,-0.025068332445807754,1
13.505,0.9422334,200.0,630.253662109375,9.88462539110038,0.170594995325082,0.2347949969174806,-0.025929999120999126,0.14201166402956006,-0.0005716663267230616,1
13.505,0.9422334,76.0,633.194091796875,7.980649506604964,0.16246999705501367,0.21241166465217248,0.09367833011085168,0.11091166494938079,0.04142833388294093,1
13.505,0.9422334,200.0,636.45947265625,8.884138776725706,0.2017083279317012,0.2274749966309173,-0.024774999185465277,0.156108330838033,0.02038333410222549,1
35.817,3.9177666,200.0,712.506103515625,1.3338474304862058,-0.03215333236381412,0.026421666164533234,-0.02913666575041134,-0.03050333224062342,0.08627166428428609,1
32.091,5.362767,200.0,1427.8433837890625,15.76718544934751,-0.05814833235635888,-0.0895399990765145,-0.03385666591813788,-0.08848999991372693,-0.049064999563852324,1
19.69,4.1692667,200.0,761.9255981445312,19.673710634658892,-0.002038333705277182,-0.03914666569500696,-0.04518833200621884,-0.009329999888432212,-0.023396666152402757,1
38.614,4.858367,200.0,761.5664672851562,24.55887902559064,0.11261166516051162,0.017986666736542246,-0.006829999629408121,0.09266166538000106,0.10446999829437117,1
26.511,3.2007668,30.0,754.4431762695312,27.160207777852538,0.043135000568581744,0.16234333165921272,0.24475999086920638,0.04190166651387699,0.07875999901152682,1
23.509,1.5843666,200.0,631.2974243164062,12.142624007444509,-0.0029749997152248397,0.16664166389673482,-0.021549999308190307,0.21454999639710878,0.024233333660522476,1
46.585,4.4644003,200.0,641.8223266601562,5.9035376643469695,0.1040966664336156,0.040004999435623176,-0.011144999667303637,0.2418549963127589,0.06608833280741237,1
55.185,5.1649003,76.0,649.2514038085938,3.21539672814391,0.07590333313390146,0.014411666347878055,0.06883666447305586,0.1326699989195913,0.09907833194884005,1
26.775,3.5119002,200.0,631.7879638671875,16.889833099228596,0.060508333292091265,0.1922166625945829,-0.01786666586936917,0.1788916625850834,0.017150000115507283,1
58.44,5.8757,200.0,627.6744995117188,7.71361355168024,0.06366333277430386,0.10081333031586837,0.002738333359011449,0.16627999713469763,0.08740499921550508,1
49.718,5.2220335,200.0,660.3482055664062,4.231167914924232,0.11370999940263574,0.042143332068808374,-0.002539999632281251,0.16907666486164089,0.02850999959919136,1
49.718,5.2220335,200.0,643.4241333007812,7.00440043431905,0.13331999910413286,0.06291999896871857,-0.007396666385466233,0.2135366632544901,0.05851999952516053,1
49.718,5.2220335,200.0,653.696533203125,9.409463628145566,0.1482466655143071,0.09277999831771012,-0.0027783329505473376,0.164371664794744,0.06827999880188144,1
53.966,5.8908334,200.0,663.99169921875,4.554966625919108,0.112259999702801,0.10369332921341994,0.007168333439039998,0.14324333187832963,0.07453499935916624,1
53.966,5.8908334,200.0,788.1890258789062,25.600635623793252,0.13568499876244458,0.15136832877818962,0.011893333225743844,0.09161833220510744,0.1103349974390585,1
53.966,5.8908334,200.0,804.0933227539062,26.14167719525864,0.11946166582638398,0.12201166312617716,0.00749499995901715,0.04622833205154166,0.10570333119889255,1
53.966,5.8908334,200.0,642.3027954101562,9.134998520064892,0.11189499917149077,0.15734499607176985,0.0059533334214938805,0.1601283300219802,0.07557833226339426,1
53.966,5.8908334,200.0,677.5635375976562,4.167095640636798,0.119326665768167,0.1325099952938035,0.008751666798489169,0.10075999882945325,0.05955166606756393,1
67.301,13.816365,76.0,631.8334350585938,1.7409563536231942,0.045913333901553416,-0.06153666853322647,0.0014549991226522252,0.08650499952665996,-0.0014366662094835191,1
67.208,12.762832,200.0,638.5057983398438,12.525085722468292,0.12000666573934722,0.12356499466230161,-0.001084999704034999,0.16010666401532944,0.018306665875716135,1
20.802,2.4881334,58.0,824.1072387695312,21.4460466398252,-0.013774999476736412,0.13844999822904355,0.3209833235590486,0.010975000056205317,0.014266666704206727,1
60.402,5.3078337,200.0,667.9557495117188,3.700377418531178,0.13603666573762893,0.015019999477081,-1.3332986272871494e-05,0.13738666505145375,0.06246999904513359,1
62.019,4.213633,200.0,750.4730224609375,15.984246211768747,0.1435883310995996,0.0660383325390285,-0.015144999243784697,0.09041333284927532,0.016005000224686226,1
36.871,3.4730997,200.0,855.3123779296875,25.38600207496125,0.02866833331703674,0.2694599944166839,0.0020850002963561567,0.029451666023232972,0.0912349983677268,1
50.805,4.4411674,200.0,677.2163696289062,2.281968089406381,0.13925333236635196,0.06094499915256165,-0.005054999668500386,0.0900616656121565,0.1056949979282217,1
81.804,5.7768,200.0,645.4613647460938,1.8291634861768415,0.025299999639973977,-0.10238333260000218,-0.007483333134441637,0.07939166639873292,0.0260750000749249,1
81.804,5.7768,200.0,644.6573486328125,3.4588555646227452,0.09294499880925286,-0.008346668036538177,-0.002446666433243081,0.20317833039211108,0.08556999920168891,1
45.652,2.8206,200.0,646.0221557617188,8.599344787739497,-0.013403332675225102,-0.03624499925994314,-0.03837833234341815,0.03929666614742018,-0.050369998812675475,1
17.146,1.1457001,200.0,1050.73291015625,34.34324186509223,-0.02667666601424571,0.023548333387589084,-0.024134999266825618,0.00458166636468377,0.07358166537247599,1
40.312,5.39,36.0,729.7797241210938,16.291069961896323,0.08388499931432307,-0.043714998907526025,0.3015433235751698,0.08130999968096148,0.02787666669522878,1
20.55,1.9271,76.0,652.584228515625,4.5138991555716546,-0.007478332784376107,0.15618833058164455,0.19296332779689693,0.05356333260948304,0.06566333240305539,1
17.125,2.6224668,76.0,768.9727783203125,22.70923239244211,0.03768499978934415,0.15158499842567835,0.18301832837983967,0.021193333553383126,0.017418333734967748,1
17.39,3.663333,200.0,655.6451416015625,0.9699654731310215,-0.04684000017703511,0.11478499879071023,-0.03220666556735523,0.0786933326581493,0.10646833094302564,1
17.39,3.663333,200.0,655.3442993164062,2.6562138749959026,-0.029116667049820535,0.15485833115526476,-0.028124998947605492,0.11549166546552442,0.12779166430002079,1
32.873,2.628167,200.0,624.0902099609375,0.0717708641265231,0.00788166702433955,0.15478999781480524,-0.011693332582362928,0.1763983301835833,0.17352332933223807,1
6.262,0.29503337,200.0,711.6533203125,5.589903271775767,-0.04820833342382684,-0.0336583326786058,-0.04551666556391865,-0.026274999254965223,-0.02544166633801069,1
18.681,2.6923335,0.0,638.4298706054688,7.230377487752411,0.02005666670622304,0.12913166585203725,0.2741316569183255,0.024723332897992806,0.042856666030129414,1
39.206,3.2393,200.0,648.5305786132812,2.224890283713346,0.12035333209263627,0.20400332956865896,-0.0011799995106412098,0.10855333246756345,0.08916999818116893,1
23.468,3.2715998,200.0,648.3556518554688,0.7293809004388778,-0.015444999632891268,0.1725133302260656,-0.009036666212487034,0.09180499884183518,0.15106333030038513,1
23.468,3.2715998,200.0,657.7515869140625,5.274323769556112,0.028595000128261744,0.24754499512084294,-0.011871666007791645,0.1279199986963067,0.09871166538272519,1
22.814,3.0453668,200.0,613.9382934570312,6.937727927218893,0.0021633337100502104,0.1464799983508419,-0.02063666588452179,0.19594666278979275,0.07694666601368226,1
34.826,5.083134,200.0,742.45166015625,12.095279983206758,0.02802833341236692,0.11299499785818626,-0.010529999449499883,0.13409499808272812,0.006311666711117141,1
39.008,2.1459334,200.0,797.0928344726562,25.499825316622186,0.01836333336890675,0.022396666411077605,-0.03542833202634938,0.0036883338808547704,0.011879999584634789,1
43.239,3.5708666,200.0,866.6324462890625,28.74162421234476,0.04422666684607975,0.2494933281460544,-0.01081499938154593,0.025535000048112124,0.12245999777980615,1
23.817,2.6160998,200.0,635.4995727539062,14.92297215130206,0.007900000304798595,0.14792499799863434,-0.026724999034777285,0.18856666227104144,0.03323333339591045,1
14.596,1.8115333,200.0,614.64111328125,2.481147925325243,0.176376660350943,0.13358499908994417,-0.023873332483926788,0.08965166433656123,0.10515999817405827,1
72.964,7.294767,200.0,677.8849487304688,4.5554057852851155,0.1416549992666114,0.0038799992395797743,0.0037383334687910975,0.14040499886265023,0.09122166678716895,1
72.964,7.294767,200.0,679.8096923828125,6.118752913652362,0.16156833238434046,0.01492666567210108,0.004110000103828497,0.15952666496974416,0.1007683331874432,1
57.599,5.1942673,200.0,618.0262451171875,18.376214674387583,0.11829666598816402,0.03757999952242244,-0.002603333203587681,0.17837999607087113,0.03924666593491565,1
27.845,5.069223,200.0,732.1004638671875,7.834428904898436,0.021466666930937208,0.08779999763704836,-0.020599999260739424,0.10381666558620055,0.05841666556661949,1
77.8573,9.66791,200.0,677.0628662109375,6.5275389462071285,0.19168666479876265,0.22169499226904008,0.005603333351318724,0.1607699986541411,0.0411450001434423,1
77.8573,9.66791,200.0,687.7103881835938,17.922027717804802,0.14809333166282157,0.16457666089292616,0.000851666948874481,0.1010933325078804,-0.013714999870862811,1
77.8573,9.66791,200.0,675.3952026367188,16.043949001911074,0.16176333130511922,0.1832549936766736,0.0018716669810237363,0.14310499878076371,0.0009050000441493466,1
77.8573,9.66791,200.0,678.8568115234375,6.680823895671454,0.19072999819298275,0.2216799921815982,0.0056466666620690375,0.14960499874898234,0.04323833331174683,1
77.8573,9.66791,200.0,682.6937866210938,4.557442520435824,0.18852499821397942,0.23239165827457328,0.006383333407575265,0.14612499851500615,0.047474999751430005,1
77.8573,9.66791,200.0,689.3561401367188,25.43679700387048,0.14987833200313616,0.16293666130455675,0.0063866668613627555,0.12282833232253325,0.0788699979899684,1
77.8573,9.66791,200.0,683.7010498046875,4.766179984820544,0.18818333158327732,0.238166658199043,0.006075000108103268,0.14310833180265037,0.04536666643223725,1
71.9235,8.784023,200.0,678.2620849609375,1.1265961492588172,0.12617666601843666,0.19029332643316593,0.007485000115120783,0.1128933325066464,0.0740516658721026,1
71.9235,8.784023,200.0,677.5645141601562,0.544068898770986,0.13789333282853478,0.19160999338608234,0.010168333377223462,0.1312849990418181,0.11994333157257643,1
77.8573,9.66791,200.0,683.6566772460938,4.863091498359536,0.1874966649216367,0.2387716582173016,0.006113333437242545,0.1431216650805436,0.045396666427259334,1
77.8573,9.575246,200.0,690.9519653320312,29.65794250473731,0.13102666554274037,0.13650999519508333,0.0034683335619047286,0.08711833290639333,0.07277666492795105,1
116.5676,8.649146,200.0,682.2053833007812,1.311942716792323,0.23481832656252663,0.059093330500181764,-0.0006233332445845008,0.062426666512037626,0.005185000235796906,1
116.5676,8.649146,76.0,679.5234375,1.081246597046526,0.2114199931512121,0.009369998191250489,-0.027996666734688914,0.056869999899645335,0.05123666599742137,1
126.9376,9.440726,200.0,701.4712524414062,3.940721029972609,0.4600483189278748,0.1268566616770113,-0.009218333277385683,0.028064999597263524,0.0051483327447203915,1
116.5676,8.649146,200.0,647.5247802734375,3.0298088781007024,0.2919633258477552,0.032504996758070774,-0.001586666526272893,0.07720500022289344,0.05081333326059394,1
116.5676,8.649146,200.0,671.2725830078125,7.187807763542093,0.2992316593712894,0.08045666288235225,0.0014733332389732822,0.08632333306537475,0.03341499972390011,1
126.9376,9.440726,0.0,681.640380859375,2.7135890896039063,0.3674633205466671,0.06870499678596388,0.05445499740191735,0.04017166642646771,0.020104999954928645,1
126.9376,9.440726,200.0,681.594970703125,5.217277053277879,0.4172349868924357,0.13343499447277282,-0.006814999939524569,0.06321833271591458,0.023826666250824927,1
126.9376,11.90334,200.0,699.757568359375,6.894848771542082,0.46807831868645733,0.03591166367637925,-0.01313833319058176,0.026428333032527007,0.013619999671354889,1
68.8832,4.0054197,200.0,731.1150512695312,10.565105396652514,0.1541416639869567,0.08483333241310902,-0.009166666058008558,0.12405833199154585,0.017033333504223265,1
11.5962,0.71207327,200.0,817.573974609375,25.10404286032754,0.19417332857847214,0.1968399971339386,-0.01840999929641839,0.015931666822289116,0.10236499899590853,1
