k,features,Accuracy,Precision,Recall,F1,ROC_AUC,Brier,error,TimeSec
4,"['Max_Rainfall_30day', 'R3d', 'R7d', 'R30d']",0.5927152317880795,0.5848484848484848,0.6390728476821192,0.6107594936708861,0.6142822683215647,0.24095666475115213,,0.0234
4,"['Max_Rainfall_30day', 'Max_Rainfall_3day', 'R7d', 'R30d']",0.5894039735099338,0.5818181818181818,0.6357615894039735,0.6075949367088608,0.620564887504934,0.23992496905238947,,0.0228
5,"['Max_Rainfall_30day', 'R1d', 'R3d', 'R7d', 'R30d']",0.5894039735099338,0.5823170731707317,0.6324503311258278,0.6063492063492063,0.6126156747511073,0.24129367574594393,,0.049
3,"['Max_Rainfall_30day', 'R7d', 'R30d']",0.5844370860927153,0.5825242718446602,0.5960264900662252,0.5891980360065466,0.6002916538748301,0.24156986283994147,,0.0221
5,"['Max_Rainfall_30day', 'Max_Rainfall_3day', 'R1d', 'R7d', 'R30d']",0.5844370860927153,0.5784615384615385,0.6225165562913907,0.5996810207336523,0.6189640805227841,0.2402663014094637,,0.0237
4,"['Max_Rainfall_30day', 'R1d', 'R7d', 'R30d']",0.5827814569536424,0.5791139240506329,0.6059602649006622,0.5922330097087378,0.6029450462699004,0.24168918956922006,,0.0226
5,"['Max_Rainfall_30day', 'Max_Rainfall_3day', 'R3d', 'R7d', 'R30d']",0.5761589403973509,0.5705521472392638,0.6158940397350994,0.5923566878980892,0.6111574053769573,0.24102079719679076,,0.0247
6,"['Max_Rainfall_30day', 'Max_Rainfall_3day', 'R1d', 'R3d', 'R7d', 'R30d']",0.5728476821192053,0.5674846625766872,0.6125827814569537,0.589171974522293,0.6097868514538838,0.24130937214225007,,0.0249
2,"['R1d', 'R30d']",0.5711920529801324,0.5576407506702413,0.6887417218543046,0.6162962962962963,0.5517959738607956,0.25088323882846236,,0.0208
1,['R30d'],0.5612582781456954,0.5501355013550135,0.6721854304635762,0.6050670640834576,0.5543726152361739,0.24975899335821644,,0.0212
3,"['R1d', 'R7d', 'R30d']",0.5562913907284768,0.5459459459459459,0.6688741721854304,0.6011904761904762,0.5414016929082057,0.25144606718999957,,0.0225
4,"['Max_Rainfall_30day', 'Max_Rainfall_3day', 'R3d', 'R30d']",0.5513245033112583,0.549520766773163,0.5695364238410596,0.5593495934959349,0.5761260471031973,0.24448057798863468,,0.0238
3,"['R3d', 'R7d', 'R30d']",0.5496688741721855,0.5436046511627907,0.6192052980132451,0.5789473684210527,0.5570698653567826,0.25030194933323346,,0.0224
4,"['R1d', 'R3d', 'R7d', 'R30d']",0.5480132450331126,0.5420289855072464,0.6192052980132451,0.5780525502318392,0.551971404762949,0.25046750068831497,,0.0225
3,"['Max_Rainfall_30day', 'R1d', 'R30d']",0.5463576158940397,0.5454545454545454,0.5562913907284768,0.5508196721311476,0.5767619841235033,0.24406413695184467,,0.0223
2,"['Max_Rainfall_30day', 'R30d']",0.5447019867549668,0.5428571428571428,0.5662251655629139,0.5542949756888168,0.5848646989167142,0.243006251049624,,0.0222
4,"['Max_Rainfall_3day', 'R3d', 'R7d', 'R30d']",0.5447019867549668,0.5398230088495575,0.6059602649006622,0.5709828393135725,0.5538572869610981,0.25062243733332135,,0.0229
5,"['Max_Rainfall_30day', 'Max_Rainfall_3day', 'R1d', 'R3d', 'R30d']",0.5447019867549668,0.5425867507886435,0.5695364238410596,0.555735056542811,0.5741524494539713,0.2448420366688715,,0.0242
3,"['Max_Rainfall_30day', 'Max_Rainfall_3day', 'R30d']",0.543046357615894,0.543046357615894,0.543046357615894,0.543046357615894,0.5786149730274989,0.24366594022139468,,0.0222
4,"['Max_Rainfall_30day', 'Max_Rainfall_3day', 'R1d', 'R30d']",0.5413907284768212,0.5409836065573771,0.5463576158940397,0.5436573311367381,0.5763563001622737,0.24407041739279103,,0.0234
4,"['Max_Rainfall_30day', 'R1d', 'R3d', 'R30d']",0.5397350993377483,0.5382165605095541,0.5596026490066225,0.5487012987012987,0.5751392482785842,0.24451732894743605,,0.0232
1,['R1d'],0.5380794701986755,0.5236139630390144,0.8443708609271523,0.6463878326996197,0.5372845489232929,0.25108359687013226,,0.0207
2,"['Max_Rainfall_3day', 'R30d']",0.5380794701986755,0.5318559556786704,0.6357615894039735,0.579185520361991,0.5415771238103592,0.25005307250720843,,0.0212
3,"['Max_Rainfall_30day', 'R3d', 'R30d']",0.5380794701986755,0.5374592833876222,0.5463576158940397,0.541871921182266,0.5763672645936582,0.24416146550987153,,0.0226
3,"['Max_Rainfall_3day', 'R7d', 'R30d']",0.5380794701986755,0.5347432024169184,0.5860927152317881,0.5592417061611374,0.562946800578922,0.24977724705515866,,0.0217
2,"['Max_Rainfall_3day', 'R3d']",0.5364238410596026,0.5270935960591133,0.7086092715231788,0.6045197740112994,0.5238311916144028,0.25082185922362576,,0.0226
4,"['Max_Rainfall_3day', 'R1d', 'R7d', 'R30d']",0.5347682119205298,0.530791788856305,0.5993377483443708,0.5629860031104199,0.5522893732731021,0.2501051223854244,,0.0223
5,"['Max_Rainfall_3day', 'R1d', 'R3d', 'R7d', 'R30d']",0.5331125827814569,0.5285714285714286,0.6125827814569537,0.5674846625766872,0.5443182316565064,0.25083971882106476,,0.0235
1,['Max_Rainfall_3day'],0.5298013245033113,0.5228426395939086,0.6821192052980133,0.5919540229885057,0.5284033595017763,0.25012388928550067,,0.0211
3,"['Max_Rainfall_3day', 'R3d', 'R30d']",0.5298013245033113,0.5245901639344263,0.6357615894039735,0.5748502994011976,0.5329590807420728,0.2508984743994171,,0.022
1,['R3d'],0.5264900662251656,0.5199004975124378,0.6920529801324503,0.59375,0.5249934213411692,0.25054397441809084,,0.0207
2,"['R7d', 'R30d']",0.5231788079470199,0.5190217391304348,0.6324503311258278,0.5701492537313433,0.5273672207359327,0.25074768170829975,,0.0218
2,"['R3d', 'R30d']",0.5198675496688742,0.5162162162162162,0.6324503311258278,0.5684523809523809,0.5366869874128328,0.2505706389450975,,0.0214
2,"['R3d', 'R7d']",0.5198675496688742,0.5196078431372549,0.5264900662251656,0.5230263157894737,0.5360729792552958,0.25072173797985964,,0.0213
2,"['Max_Rainfall_3day', 'R7d']",0.5182119205298014,0.5176848874598071,0.5331125827814569,0.5252854812398042,0.5401627121617473,0.25028047029383654,,0.0218
3,"['Max_Rainfall_3day', 'R3d', 'R7d']",0.5149006622516556,0.5145631067961165,0.5264900662251656,0.5204582651391162,0.5337923775273015,0.2509753271436764,,0.0226
3,"['Max_Rainfall_3day', 'R1d', 'R3d']",0.5132450331125827,0.5098522167487685,0.6854304635761589,0.5847457627118644,0.49792772246831285,0.2510778583436398,,0.0234
3,"['Max_Rainfall_3day', 'R1d', 'R7d']",0.5115894039735099,0.5104477611940299,0.5662251655629139,0.5368916797488226,0.5218411473181002,0.25059942401196517,,0.0222
2,"['Max_Rainfall_3day', 'R1d']",0.5099337748344371,0.5074626865671642,0.6754966887417219,0.5795454545454546,0.5061620104381388,0.25045349047814386,,0.022
2,"['R1d', 'R3d']",0.5099337748344371,0.5074257425742574,0.6788079470198676,0.5807365439093485,0.5025327836498399,0.25073622103456766,,0.0217
3,"['R1d', 'R3d', 'R30d']",0.5099337748344371,0.5081521739130435,0.6192052980132451,0.5582089552238806,0.523551598614096,0.25078374527995567,,0.0217
4,"['Max_Rainfall_3day', 'R1d', 'R3d', 'R7d']",0.5099337748344371,0.5088757396449705,0.5695364238410596,0.5375,0.5191877549230297,0.25120004848399924,,0.0239
3,"['Max_Rainfall_30day', 'Max_Rainfall_3day', 'R7d']",0.5082781456953642,0.5096525096525096,0.4370860927152318,0.47058823529411764,0.5210846015525635,0.2500701850863021,,0.022
3,"['R1d', 'R3d', 'R7d']",0.5066225165562914,0.5060975609756098,0.5496688741721855,0.526984126984127,0.5252291566159379,0.25089159749277545,,0.0216
3,"['Max_Rainfall_30day', 'R1d', 'R3d']",0.5066225165562914,0.5070921985815603,0.4735099337748344,0.4897260273972603,0.4999671067058462,0.25036998913448033,,0.0219
3,"['Max_Rainfall_30day', 'Max_Rainfall_3day', 'R3d']",0.5049668874172185,0.5054945054945055,0.45695364238410596,0.48,0.5081027147932109,0.25046015416110584,,0.0235
2,"['Max_Rainfall_30day', 'R3d']",0.5016556291390728,0.5018867924528302,0.44039735099337746,0.4691358024691358,0.5094951975790536,0.25015501526007183,,0.0207
3,"['Max_Rainfall_30day', 'R3d', 'R7d']",0.5016556291390728,0.5019157088122606,0.4337748344370861,0.46536412078152756,0.5172141572738038,0.2504618879854131,,0.0219
4,"['Max_Rainfall_30day', 'Max_Rainfall_3day', 'R3d', 'R7d']",0.5,0.5,0.4370860927152318,0.4664310954063604,0.5149225911144248,0.250753829800803,,0.0238
4,"['Max_Rainfall_30day', 'Max_Rainfall_3day', 'R1d', 'R7d']",0.5,0.5,0.46357615894039733,0.48109965635738833,0.5102188500504363,0.25040619772866396,,0.023
2,"['R1d', 'R7d']",0.49834437086092714,0.49828178694158076,0.48013245033112584,0.48903878583473864,0.49156835226525153,0.25173998729503855,,0.0212
2,"['Max_Rainfall_30day', 'Max_Rainfall_3day']",0.4966887417218543,0.4963768115942029,0.45364238410596025,0.4740484429065744,0.5131353887987369,0.2497486995928495,,0.0211
4,"['Max_Rainfall_3day', 'R1d', 'R3d', 'R30d']",0.4966887417218543,0.4972677595628415,0.6026490066225165,0.5449101796407185,0.517685627823341,0.25117832783348115,,0.0236
4,"['Max_Rainfall_30day', 'Max_Rainfall_3day', 'R1d', 'R3d']",0.4966887417218543,0.49673202614379086,0.5033112582781457,0.5,0.4960528047015482,0.25073346265154023,,0.0246
4,"['Max_Rainfall_30day', 'R1d', 'R3d', 'R7d']",0.4917218543046358,0.49070631970260226,0.4370860927152318,0.46234676007005254,0.5110850401298188,0.25066806099867317,,0.0224
5,"['Max_Rainfall_30day', 'Max_Rainfall_3day', 'R1d', 'R3d', 'R7d']",0.4917218543046358,0.49122807017543857,0.46357615894039733,0.47700170357751276,0.509243015657208,0.2510148348345976,,0.0234
2,"['Max_Rainfall_30day', 'R1d']",0.4900662251655629,0.48695652173913045,0.3708609271523179,0.42105263157894735,0.4888162799877198,0.2506911852382101,,0.0209
3,"['Max_Rainfall_3day', 'R1d', 'R30d']",0.4900662251655629,0.49166666666666664,0.5860927152317881,0.5347432024169184,0.5250427612823999,0.250397044369847,,0.0219
3,"['Max_Rainfall_30day', 'Max_Rainfall_3day', 'R1d']",0.48509933774834435,0.4847457627118644,0.4735099337748344,0.47906197654941374,0.4988377702732336,0.25008588737960125,,0.0222
3,"['Max_Rainfall_30day', 'R1d', 'R7d']",0.4685430463576159,0.4581497797356828,0.3443708609271523,0.3931947069943289,0.4740471909126792,0.2514406092223778,,0.0213
1,['Max_Rainfall_30day'],0.4602649006622517,0.4423076923076923,0.304635761589404,0.3607843137254902,0.4863054252006491,0.24959678923169745,,0.0326
2,"['Max_Rainfall_30day', 'R7d']",0.4602649006622517,0.4444444444444444,0.31788079470198677,0.37065637065637064,0.46295118635147586,0.2506554396598095,,0.0222
1,['R7d'],0.4552980132450331,0.44621513944223107,0.3708609271523179,0.4050632911392405,0.4554844085785711,0.25094154990790646,,0.0206
